Site,CondensedSite
Airport Road 1,Airport Rd
Airport Road 1,Airport Rd
Airport Road 1,Airport Rd
Airport Road 1,Airport Rd
Airport Road 1,Airport Rd
Airport Road 1,Airport Rd
Airport Road 1,Airport Rd
Airport Road 1,Airport Rd
Airport Road 1,Airport Rd
Airport Road 2,Airport Rd
Airport Road 2,Airport Rd
Airport Road 2,Airport Rd
Airport Road 2,Airport Rd
Airport Road 2,Airport Rd
Airport Road 2,Airport Rd
Airport Road 2,Airport Rd
Airport Road 3,Airport Rd
Airport Road 3 Pond 1,Airport Rd
Airport Road 3 Pond 1,Airport Rd
Airport Road 3 Pond 1,Airport Rd
Airport Road 3 Pond 1,Airport Rd
Airport Road 3 Pond 2,Airport Rd
Airport Road 3 Pond 2,Airport Rd
Airport Road 3 Pond 2,Airport Rd
Airport Road 3 Pond 2,Airport Rd
Airport Road 4,Airport Rd
Airport Road 5,Airport Rd
Airport Road 5,Airport Rd
Airport Road 5,Airport Rd
Airport Road 5,Airport Rd
Airport Road 5,Airport Rd
Airport Road 5,Airport Rd
At KFS Cabin,Beach 
At KFS Cabin,Beach 
At KFS Cabin,Beach 
At KFS Cabin,Beach 
At KFS Cabin,Beach 
At KFS Cabin,Beach 
Behind CHARS,In town
Behind CHARS,In town
Behind CHARS,In town
Behind CHARS,In town
Behind CHARS,In town
Behind CHARS,In town
Behind College,In town
Behind College,In town
Behind College,In town
Behind College,In town
Behind College,In town
Behind College,In town
Behind OPS building in CHARS,In town
Behind OPS building in CHARS,In town
Behind OPS building in CHARS,In town
Behind OPS building in CHARS,In town
Behind OPS building in CHARS,In town
Behind OPS building in CHARS,In town
Construction Shop,In town
Construction Shop,In town
Construction Shop 1,In town
Construction Shop 1,In town
Construction Shop 1,In town
Construction Shop 1,In town
Construction Shop 1,In town
Construction Shop 1,In town
Construction Shop 2,In town
Construction Shop 2,In town
Construction Shop 2,In town
Construction Shop 2,In town
Construction Shop 3,In town
Construction Shop 3,In town
Construction Shop 3,In town
Construction Shop 3,In town
Creek at end of Pelly Road,Greiner Lake
Creek at end of Pelly Road,Greiner Lake
Creek at end of Pelly Road,Greiner Lake
Creek at end of Pelly Road,Greiner Lake
Creek at end of Pelly Road,Greiner Lake
Creek at end of Pelly Road,Greiner Lake
Creek at end of Pelly Road,Greiner Lake
Creek at end of Pelly Road,Greiner Lake
Creek at end of Pelly Road,Greiner Lake
Creek at end of Pelly Road,Greiner Lake
Dew line Road 1,DEW line Rd
Dew line Road 1,DEW line Rd
Dew line Road 1,DEW line Rd
Dew line Road 1,DEW line Rd
Dew line Road 1,DEW line Rd
Dew line Road 1,DEW line Rd
Dew line Road next to station,DEW line Rd
Dew line Road next to station,DEW line Rd
Dew line Road next to station,DEW line Rd
Dew line Road next to station,DEW line Rd
Dew line Road next to station,DEW line Rd
Dew line Road next to station,DEW line Rd
Dew line Road next to station,DEW line Rd
Dew line Road next to station,DEW line Rd
Dew line Road next to station,DEW line Rd
Dew line Road next to station,DEW line Rd
First Creek,First Creek
First Creek,First Creek
First Creek,First Creek
First Creek,First Creek
First Creek,First Creek
First Creek,First Creek
First Creek,First Creek
First Creek,First Creek
First Creek,First Creek
First Creek,First Creek
First Creek,First Creek
Freshwater river,Freshwater river
Freshwater river,Freshwater river
Freshwater river,Freshwater river
Freshwater river,Freshwater river
Freshwater river,Freshwater river
Freshwater river,Freshwater river
Freshwater river,Freshwater river
Freshwater river,Freshwater river
Freshwater river,Freshwater river
Freshwater river,Freshwater river
Freshwater river,Freshwater river
Freshwater river,Freshwater river
Greiner Lake Inlet,Greiner Lake
Greiner Lake Inlet,Greiner Lake
Greiner Lake Inlet,Greiner Lake
Greiner Lake Inlet,Greiner Lake
Greiner Lake Inlet,Greiner Lake
Greiner Lake Inlet,Greiner Lake
Greiner Lake Inlet,Greiner Lake
In front of College ,In town
In front of College ,In town
In front of College ,In town
In front of College ,In town
In front of College ,In town
In front of College ,In town
Outside of CHARS lab,In town
Outside of CHARS lab,In town
Outside of CHARS lab,In town
Outside of CHARS lab,In town
Pond in front of Dump,In town
Pond in front of Dump,In town
River at Swimming hole ,Swimming hole
River at Swimming hole ,Swimming hole
River at Swimming hole ,Swimming hole
River at Swimming hole ,Swimming hole
River at Swimming hole ,Swimming hole
River at Swimming hole ,Swimming hole
River at Swimming hole ,Swimming hole
River at Swimming hole ,Swimming hole
River at Swimming hole ,Swimming hole
River at Swimming hole ,Swimming hole
River at Swimming hole ,Swimming hole
River at Swimming hole ,Swimming hole
River at Swimming hole ,Swimming hole
Sewage-Dump,In town
Sewage-Dump,In town
Sewage-Dump,In town
Sewage-Dump,In town
Sewage-Dump,In town
Sewage-Dump,In town
Sewage-Dump,In town
Sewage-Dump,In town
Sewage-Dump,In town
Sewage-Dump,In town
Sewage-Dump,In town
The Beach,Beach 
The Beach,Beach 
The Beach,Beach 
The Beach,Beach 
The Beach,Beach 
West Arm Beach,Beach 
West Arm Beach,Beach 
West Arm Beach,Beach 
West Arm Beach,Beach 
West Arm Beach,Beach 
West Arm Beach,Beach 
West Arm Hills ,Beach 
West Arm Hills ,Beach 
West Arm Hills ,Beach 
West Arm Hills ,Beach 
West Arm Hills ,Beach 
West Arm Hills ,Beach 
