Sample,Extraction Control #,Lysis date,Extraction date,Qubit value,Lysis notes,Extraction notes,General notes
CBAY0250_M_H,12,23-Feb-26,26-Feb-26,0.639,,,
CBAY0075_BF_H,1,22-Jan-26,30-Jan-26,39.9,,,
CBAY0079_M_H,5,28-Jan-26,10-Feb-26,0.358,,,
CBAY0084_BF_H,5,28-Jan-26,10-Feb-26,1.93,,Lid broke transfered to new 200 ul tube,
CBAY0084_M_H,5,28-Jan-26,10-Feb-26,1.25,,,
CBAY0091_M_H,5,28-Jan-26,10-Feb-26,0.526,,,
CBAY0092_BF_H,5,28-Jan-26,10-Feb-26,0.898,,,
CBAY0092_M_H,1,22-Jan-26,30-Jan-26,34.5,,,ended up using other standards from EXC2 and 3
CBAY0095_BF_H,5,28-Jan-26,10-Feb-26,0.857,,,
CBAY0095_M_H,6,02-Feb-26,11-Feb-26,21.6,,,
CBAY0096_M_H,5,28-Jan-26,10-Feb-26,4.77,,,
CBAY0097_M_H,5,28-Jan-26,10-Feb-26,6.6,,,
CBAY0098_BF_H,5,28-Jan-26,10-Feb-26,1.18,,,
CBAY0098_M_H,5,28-Jan-26,10-Feb-26,0.654,,,
CBAY0098_M_H,6,02-Feb-26,11-Feb-26,0.884,,,
CBAY0099_BF_H,5,28-Jan-26,10-Feb-26,5.18,,,
CBAY0099_BF_H,8,03-Feb-26,13-Feb-26,0.274,lost 1 head in transfer falcon and returned,,
CBAY0099_M_H,6,02-Feb-26,11-Feb-26,24.6,,,
CBAY0100_BF_H,5,28-Jan-26,10-Feb-26,0.541,,,
CBAY0100_M_H,5,28-Jan-26,10-Feb-26,0.694,,,
CBAY0102_M_H,5,28-Jan-26,10-Feb-26,0.419,,,
CBAY0103_BF_H,5,28-Jan-26,10-Feb-26,0.723,,,
CBAY0103_M_H,5,28-Jan-26,10-Feb-26,2.82,,,
CBAY0104_BF_H,5,28-Jan-26,10-Feb-26,24.7,,,
CBAY0104_M_H,5,28-Jan-26,10-Feb-26,17.3,,,
CBAY0106_BF_H,2,23-Jan-26,30-Jan-26,2.42,,,
CBAY0106_M_H,7,02-Feb-26,11-Feb-26,2.02,label wrong on tube but 100% Mos Heads,,"weirdly ran out of buffer for last two, did 180:20 method"
CBAY0107_BF_H,1,22-Jan-26,30-Jan-26,18.4,,,
CBAY0107_M_H,2,23-Jan-26,30-Jan-26,1.08,,,
CBAY0108_BF_H,12,23-Feb-26,26-Feb-26,0.417,,accidentally eluted 200 ul at first,spun down again
CBAY0108_M_H,7,02-Feb-26,11-Feb-26,1.83,,,
CBAY0110_BF_H,13,,,,,,
CBAY0114_BF_H,5,28-Jan-26,10-Feb-26,0.203,,Lid broke transfered to new 200 ul tube,
CBAY0114_M_H,4,28-Jan-26,10-Feb-26,0.285,,,
CBAY0115_BF_H,6,02-Feb-26,11-Feb-26,2.12,,,
CBAY0115_M_H,4,28-Jan-26,10-Feb-26,3.22,,,
CBAY0123_M_H,2,23-Jan-26,30-Jan-26,0.188,,,
CBAY0132_BF_H,4,28-Jan-26,10-Feb-26,0.276,,,200ul in each
CBAY0136_BF_H,6,02-Feb-26,11-Feb-26,0.82,,,
CBAY0136_M_H,7,02-Feb-26,11-Feb-26,0.438,,,
CBAY0140_M_H,12,23-Feb-26,26-Feb-26,0.327,,,same standards as #9
CBAY0141_M_H,13,,,,,,
CBAY0145_M_H,13,,,,,,
CBAY0147_BF_H,4,28-Jan-26,10-Feb-26,1.13,,,
CBAY0147_M_H,4,28-Jan-26,10-Feb-26,0.326,,used Aw2 from oct 2023,
CBAY0155_M_H,5,28-Jan-26,10-Feb-26,0.448,,,Accidentally put of for a ~10 secs at 20 000g when eluting first half of samples
CBAY0156_M_H,4,28-Jan-26,10-Feb-26,1.45,,used same Aw2 as other extractions,Extractions with AW2 sat for a while with AW2 in column while ETOH for new AW2 UVed (10-15mins)
CBAY0157_BF_H,6,02-Feb-26,11-Feb-26,4.64,,,
CBAY0157_M_H,2,23-Jan-26,30-Jan-26,1.67,,,
CBAY0158_BF_H,13,,,,,,
CBAY0158_M_H,13,,,,,,
CBAY0160_M_H,4,28-Jan-26,10-Feb-26,0.933,,,
CBAY0160_M_H,13,,,,,,
CBAY0162_BF_H,12,23-Feb-26,26-Feb-26,0.622,some heads were lost during transferring,one of the heads went into the waste tube,
CBAY0162_M_H,7,02-Feb-26,11-Feb-26,0.411,,,had to remove St 2
CBAY0164_BF_H,2,23-Jan-26,30-Jan-26,0.931,,spin column opened in centrifuge,
CBAY0164_M_H,1,22-Jan-26,30-Jan-26,23.2,,,
CBAY0165_BF_H,13,,,,,,
CBAY0166_BF_H,3,27-Jan-26,09-Feb-26,0.706,,,May here not added the right amount of prok was low and added 250 ul and second 250 ul wasnt really full but added more after because was bubbly (EXC is just ILB)
CBAY0167_M_H,12,23-Feb-26,26-Feb-26,3.69,,,
CBAY0169_BF_H,4,28-Jan-26,10-Feb-26,0.679,,,
CBAY0169_M_H,5,28-Jan-26,10-Feb-26,0.348,,Lid broke transfered to new 200 ul tube,200 ul in each
CBAY0171_BF_H,3,27-Jan-26,09-Feb-26,0.249,,,
CBAY0172_M_H,5,28-Jan-26,10-Feb-26,0.25,,,"In at 5:45, out at 4:05 on Jan 29"
CBAY0173_BF_H,2,23-Jan-26,30-Jan-26,1.33,,,
CBAY0174_M_H,4,28-Jan-26,10-Feb-26,0.283,,used new AW2,
CBAY0175_M_H,7,02-Feb-26,11-Feb-26,0.695,,,
CBAY0176_BF_H,3,27-Jan-26,09-Feb-26,0.397,,,Out at 3:30 next day
CBAY0177_M_H,12,23-Feb-26,26-Feb-26,0.86,,,
CBAY0178_M_H,3,27-Jan-26,09-Feb-26,1.56,,,Went into incubator at 3:15pm on 27th
CBAY0181_M_H,3,27-Jan-26,09-Feb-26,1.56,,,
CBAY0182_BF_H,2,23-Jan-26,30-Jan-26,1.32,,,
CBAY0182_M_H,2,23-Jan-26,30-Jan-26,5.56,,,
CBAY0183_M_H,7,02-Feb-26,11-Feb-26,0.542,,,
CBAY0184_BF_H,5,28-Jan-26,10-Feb-26,0.188,,,
CBAY0186_M_H,12,23-Feb-26,26-Feb-26,0.809,,,
CBAY0187_M_H,2,23-Jan-26,30-Jan-26,1.51,,,
CBAY0189_BF_H,8,03-Feb-26,13-Feb-26,0.299,heads not squished very well so resquished and added to incubator for ~1.5 hours,,
CBAY0189_M_H,3,27-Jan-26,09-Feb-26,1.05,Fell onto rack,,
CBAY0191_M_H,3,27-Jan-26,09-Feb-26,0.401,,,
CBAY0193_BF_H,2,23-Jan-26,30-Jan-26,0.365,seemed like it had a strange amount of buffer so this was removed and replaced (this was added in at 2:40 pm),,
CBAY0193_M_H,8,03-Feb-26,13-Feb-26,1.77,,,
CBAY0194_M_H,7,02-Feb-26,11-Feb-26,0.335,,,
CBAY0195_M_H,13,,,,may have been contamined from pour back,,
CBAY0196_M_H,7,02-Feb-26,11-Feb-26,7.04,,,
CBAY0197_M_H,7,02-Feb-26,11-Feb-26,1.28,,,
CBAY0198_M_H,4,28-Jan-26,10-Feb-26,5.32,,,
CBAY0200_BF_H,2,23-Jan-26,30-Jan-26,0.595,,,"Put into incubator at ~2:00pm Jan 23, 2026 "
CBAY0200_M_H,13,,,,"all these large samples may have lost a head, some were put back",,
CBAY0201_BF_H,8,03-Feb-26,13-Feb-26,0.745,,,
CBAY0201_M_H,12,23-Feb-26,26-Feb-26,5.87,,,
CBAY0202_BF_H,6,02-Feb-26,11-Feb-26,1.84,,,
CBAY0202_M_H,1,22-Jan-26,30-Jan-26,48.7,,,
CBAY0203_BF_H,7,02-Feb-26,11-Feb-26,0.568,,,
CBAY0203_M_H,7,02-Feb-26,11-Feb-26,2.48,,,
CBAY0204_M_H,1,22-Jan-26,30-Jan-26,21.8,,,
CBAY0205_M_H,12,23-Feb-26,26-Feb-26,too low out of range,,,
CBAY0206_BF_H,2,23-Jan-26,30-Jan-26,0.147,,,
CBAY0206_BF_H,7,02-Feb-26,11-Feb-26,too low out of range,found lysate on ground but after extraction,,
CBAY0206_M_H,7,02-Feb-26,11-Feb-26,1.27,,,
CBAY0207_BF_H,1,22-Jan-26,30-Jan-26,14.3,,,
CBAY0207_M_H,7,02-Feb-26,11-Feb-26,0.992,,,
CBAY0209_M_H,7,02-Feb-26,11-Feb-26,3.08,,,
CBAY0210_BF_H,2,23-Jan-26,30-Jan-26,0.725,,,
CBAY0210_M_H,1,22-Jan-26,30-Jan-26,20.9,,,
CBAY0211_M_H,12,23-Feb-26,26-Feb-26,2.41,,,
CBAY0212_BF_H,13,,,,,,
CBAY0212_M_H,13,,,,,,
CBAY0213_M_H,7,02-Feb-26,11-Feb-26,1.3,,,
CBAY0214_M_H,11,12-Feb-26,26-Feb-26,0.333,,,
CBAY0216_M_H,2,23-Jan-26,30-Jan-26,2.49,,,
CBAY0219_BF_H,2,23-Jan-26,30-Jan-26,0.446,added 180 ul ILB and Prok directly to tube,,
CBAY0219_M_H,7,02-Feb-26,11-Feb-26,2.9,,,
CBAY0220_BF_H,11,12-Feb-26,26-Feb-26,0.149,,,"In incubator at ~5:30pm out at 4:00pm on Feb 13th, 2026"
CBAY0220_M_H,11,12-Feb-26,26-Feb-26,0.317,,,
CBAY0222_BF_H,7,02-Feb-26,11-Feb-26,1.16,,,
CBAY0222_M_H,12,23-Feb-26,26-Feb-26,0.188,,,
CBAY0223_M_H,7,02-Feb-26,11-Feb-26,1.4,,,
CBAY0224_BF_H,2,23-Jan-26,30-Jan-26,0.13,lysate formed on [] days after extraction,,
CBAY0224_M_H,11,12-Feb-26,26-Feb-26,0.468,,,
CBAY0225_BF_H,2,23-Jan-26,30-Jan-26,0.332,,,
CBAY0225_M_H,7,02-Feb-26,11-Feb-26,2.09,,,
CBAY0226_M_H,7,02-Feb-26,11-Feb-26,2.55,,,
CBAY0227_BF_H,7,02-Feb-26,11-Feb-26,1.21,,,
CBAY0227_M_H,2,23-Jan-26,30-Jan-26,1.46,,,
CBAY0228_M_H,8,03-Feb-26,13-Feb-26,0.007,,,
CBAY0229_BF_H,8,03-Feb-26,13-Feb-26,0.409,,,
CBAY0229_M_H,2,23-Jan-26,30-Jan-26,2.83,,,
CBAY0230_BF_H,1,22-Jan-26,30-Jan-26,31.3,,,
CBAY0230_M_H,6,02-Feb-26,11-Feb-26,4.27,,,
CBAY0231_BF_H,8,03-Feb-26,13-Feb-26,0.424,,,"In incubator at ~1:00pm, out at 3:27 on Feb 4, 2026"
CBAY0231_M_H,8,03-Feb-26,13-Feb-26,0.157,,,
CBAY0232_BF_H,11,12-Feb-26,26-Feb-26,0.585,,,
CBAY0232_M_H,11,12-Feb-26,26-Feb-26,0.293,,,Always clean after a head falls into fumehood
CBAY0233_BF_H,1,22-Jan-26,30-Jan-26,15.9,,,
CBAY0233_M_H,3,27-Jan-26,09-Feb-26,0.588,,,
CBAY0234_BF_H,4,28-Jan-26,10-Feb-26,0.334,,,
CBAY0234_M_H,1,22-Jan-26,30-Jan-26,22.2,,,
CBAY0235_BF_H,1,22-Jan-26,30-Jan-26,32.4,,,
CBAY0235_M_H,8,03-Feb-26,13-Feb-26,0.642,,,
CBAY0237_BF_H,11,12-Feb-26,26-Feb-26,0.839,,,
CBAY0237_M_H,12,23-Feb-26,26-Feb-26,0.25,,,
CBAY0238_BF_H,1,22-Jan-26,30-Jan-26,41,,,
CBAY0241_BF_H,1,22-Jan-26,30-Jan-26,49.3,,,
CBAY0241_M_H,3,27-Jan-26,09-Feb-26,4.78,one head fell on rack,,
CBAY0242_BF_H,7,02-Feb-26,11-Feb-26,0.557,,,"In at 2:55pm, out at ~4:00pm Feb 3rd, 2026"
CBAY0242_M_H,12,23-Feb-26,26-Feb-26,0.67,,,
CBAY0243_BF_H,6,02-Feb-26,11-Feb-26,8.16,,,
CBAY0244_BF_H,3,27-Jan-26,09-Feb-26,1.14,,,
CBAY0244_M_H,3,27-Jan-26,09-Feb-26,0.773,,,
CBAY0245_M_H_KFS,8,03-Feb-26,13-Feb-26,0.547,,,
CBAY0246_BF_H,2,23-Jan-26,30-Jan-26,1.88,,,"samples taken out of incubator at ~3:40 on Jan 24, 2026"
CBAY0246_M_H_KFS,12,23-Feb-26,26-Feb-26,1.55,,,
CBAY0247_BF_H,4,28-Jan-26,10-Feb-26,0.756,one head went onto side of ETOH dump falcon put back,used Aw2 from oct 2023,
CBAY0247_M_H_KFS,12,23-Feb-26,26-Feb-26,0.387,,,
CBAY0248_BF_H_KFS,3,27-Jan-26,09-Feb-26,0.684,,,
CBAY0248_M_H_KFS,1,22-Jan-26,30-Jan-26,50,,,
CBAY0249_M_H_KFS,8,03-Feb-26,13-Feb-26,0.524,,,
CBAY0250_BF_H,4,28-Jan-26,10-Feb-26,0.751,,,
CBAY0251_BF_H,3,27-Jan-26,09-Feb-26,1.15,,,
CBAY0251_M_H,6,02-Feb-26,11-Feb-26,0.851,,,
CBAY0253_BF_H,1,22-Jan-26,30-Jan-26,11,,,
CBAY0254_BF_H,3,27-Jan-26,09-Feb-26,1.39,,,
CBAY0254_M_H,8,03-Feb-26,13-Feb-26,0.302,,,
CBAY0259_BF_H,1,22-Jan-26,30-Jan-26,31.2,,,
CBAY0259_M_H,3,27-Jan-26,09-Feb-26,3.21,,,
CBAY0260_BF_H_KFS,3,27-Jan-26,09-Feb-26,0.378,,,
CBAY0260_M_H_KFS,3,27-Jan-26,09-Feb-26,1.64,,,
CBAY0263_BF_H,3,27-Jan-26,09-Feb-26,0.857,,,
CBAY0263_M_H,8,03-Feb-26,13-Feb-26,0.274,,,
CBAY0264_BF_H,6,02-Feb-26,11-Feb-26,2.73,,,
CBAY0264_M_H,6,02-Feb-26,11-Feb-26,213,,,
CBAY0265_BF_H,3,27-Jan-26,09-Feb-26,1.27,,,
CBAY0265_M_H,3,27-Jan-26,09-Feb-26,3.04,,,
CBAY0267_BF_H,8,03-Feb-26,13-Feb-26,1.06,,,
CBAY0267_M_H,8,03-Feb-26,13-Feb-26,0.43,,,
CBAY0268_BF_H,4,28-Jan-26,10-Feb-26,0.634,,,
CBAY0268_M_H,4,28-Jan-26,10-Feb-26,0.495,,,
CBAY0269_M_H,11,12-Feb-26,26-Feb-26,2.03,one head fell onto fume food,,
CBAY0273_BF_H,11,12-Feb-26,26-Feb-26,0.255,,,
CBAY0273_M_H,12,23-Feb-26,26-Feb-26,0.537,,dropped during 1st elution didn't seem like any was lost,
CBAY0274_M_H,4,28-Jan-26,10-Feb-26,0.516,,,
CBAY0275_BF_H,8,03-Feb-26,13-Feb-26,1.33,,,
CBAY0275_M_H,6,02-Feb-26,11-Feb-26,1.54,,,
CBAY0277_BF_H,4,28-Jan-26,10-Feb-26,1.58,,,
CBAY0277_M_H,8,03-Feb-26,13-Feb-26,0.354,,,
CBAY0278_BF_H,8,03-Feb-26,13-Feb-26,1.64,,,
CBAY0278_M_H,1,22-Jan-26,30-Jan-26,30,,,
CBAY0279_BF_H,4,28-Jan-26,10-Feb-26,1.25,,,
CBAY0279_M_H,3,27-Jan-26,09-Feb-26,0.918,,,
CBAY0280_BF_H,6,02-Feb-26,11-Feb-26,4.09,,,
CBAY0280_M_H,8,03-Feb-26,13-Feb-26,3.62,,,
CBAY0281_BF_H,8,03-Feb-26,13-Feb-26,0.487,,,
CBAY0281_M_H,4,28-Jan-26,10-Feb-26,0.275,,,
CBAY0284_BF_H,4,28-Jan-26,10-Feb-26,0.657,,used Aw2 from oct 2023,
CBAY0284_M_H,4,28-Jan-26,10-Feb-26,0.739,,used some Aw2 as other extractions,In at 5:45
CBAY0285_BF_H,8,03-Feb-26,13-Feb-26,0.396,,,
CBAY0285_M_H,13,,,,may have been contamined from pour back,,
CBAY0286_BF_H,3,27-Jan-26,09-Feb-26,0.507,,,
CBAY0286_M_H,6,02-Feb-26,11-Feb-26,1.48,,,
CBAY0288_M_H,13,,,,,,
CBAY0289_M_H,8,03-Feb-26,13-Feb-26,0.411,,,
CBAY0292_M_H,3,27-Jan-26,09-Feb-26,0.952,,,
CBAY0293_BF_H,4,28-Jan-26,10-Feb-26,0.935,,,Out at 4:05pm on Jan 29th
CBAY0293_M_H,8,03-Feb-26,13-Feb-26,1.47,,,
CBAY0294_BF_H,11,12-Feb-26,26-Feb-26,0.221,,,
CBAY0294_M_H,12,23-Feb-26,26-Feb-26,0.513,,,
CBAY0295_BF_H,6,02-Feb-26,11-Feb-26,0.569,may have lost a head,,
CBAY0295_M_H,6,02-Feb-26,11-Feb-26,1.36,,,
CBAY0296_BF_H,13,,,,,,
CBAY0296_M_H,13,,,,,,
CBAY0297_BF_H,2,23-Jan-26,30-Jan-26,0.105,,,
CBAY0297_M_H,12,23-Feb-26,26-Feb-26,0.432,,,
CBAY0299_BF_H,13,22-Mar-26,,,"all these large samples may have lost a head, some were put back",In at ~12:00pm,
CBAY0300_BF_H,1,22-Jan-26,30-Jan-26,17.9,,,
CBAY0300_M_H,6,02-Feb-26,11-Feb-26,0.89,,,"In at 2:55pm, out at 3:38 Feb 3rd"
CBAY0301_BF_H,6,02-Feb-26,11-Feb-26,1.1,one head fell in head put back,,
CBAY0301_M_H,12,23-Feb-26,26-Feb-26,0.549,,,
CBAY0302_BF_H,6,02-Feb-26,11-Feb-26,1.94,,,
CBAY0303_M_H,2,23-Jan-26,30-Jan-26,1.31,,,
CBAY0304_M_H,12,23-Feb-26,26-Feb-26,0.658,,,
CBAY0305_BF_H,2,23-Jan-26,30-Jan-26,0.673,one head fell into rack but was still included,used 500ul of lysis buffer,used 200 ul lysis buffer unless otherwise specified
CBAY0305_M_H,6,02-Feb-26,11-Feb-26,0.697,,,
CBAY0306_BF_H,11,12-Feb-26,26-Feb-26,0.164,one of the heads fell onto fumehood,,
CBAY0306_M_H,13,,,,"all these large samples may have lost a head, some were put back",,
CBAY0307_BF_H,6,02-Feb-26,11-Feb-26,4.06,,,
CBAY0307_M_H,1,22-Jan-26,30-Jan-26,44.4,,,
CBAY0308_BF_H,6,02-Feb-26,11-Feb-26,2.06,,,
CBAY0308_M_H,1,22-Jan-26,30-Jan-26,37.1,,,
CBAY0308_M_H,4,28-Jan-26,10-Feb-26,0.255,,,
CBAY0309_BF_H,1,22-Jan-26,30-Jan-26,29,,,
CBAY0309_M_H,1,22-Jan-26,30-Jan-26,55,,,
EXC1,1,22-Jan-26,30-Jan-26,0.105,,,
EXC10,10,05-Feb-26,11-Feb-26,0.05,,,
EXC11,11,12-Feb-26,26-Feb-26,out of range too low,,,
EXC12,12,23-Feb-26,26-Feb-26,too low out of range,,[] have the full amount of buffer,
EXC13,13,,,,,,
EXC2,2,23-Jan-26,30-Jan-26,0.254,added 180 ul ILB and Prok directly to tube,,
EXC3,3,27-Jan-26,09-Feb-26,0.095,,,
EXC4,4,28-Jan-26,10-Feb-26,0.077,,used new AW2,
EXC5,5,28-Jan-26,10-Feb-26,0.286,,,
EXC6,6,02-Feb-26,11-Feb-26,out of range too low,,,
EXC7,7,02-Feb-26,11-Feb-26,too low out of range,,,
EXC8,8,03-Feb-26,13-Feb-26,too low out of range,,,
EXC9,9,03-Feb-26,13-Feb-26,0.059,,Audrey did,
KGLTK_0060_M_H,11,12-Feb-26,26-Feb-26,5.74,,,
KGLTK_0149_BF_H,11,12-Feb-26,26-Feb-26,0.831,,,
KGLTK_0272_M_H,11,12-Feb-26,26-Feb-26,4.78,,,
KGLTK_0275_M_H,11,12-Feb-26,26-Feb-26,0.186,might have a little less than 200 ul,,
KGLTK_0276_M_H,12,23-Feb-26,26-Feb-26,1.11,,,
KGLTK0012_BF_H,9,03-Feb-26,13-Feb-26,0.535,,,
KGLTK0056_M_H,11,12-Feb-26,26-Feb-26,6.08,,,
KGLTK0059_M_H,11,12-Feb-26,26-Feb-26,5.8,one head fell onto fume food,,
KGLTK0062_M_H,11,12-Feb-26,26-Feb-26,1.67,,,
KGLTK0067_BF_H,12,23-Feb-26,26-Feb-26,0.354,,,
KGLTK0067_M_H,10,05-Feb-26,11-Feb-26,4.52,,,
KGLTK0068_M_H,10,05-Feb-26,11-Feb-26,27.2,,,
KGLTK0069_M_H,9,03-Feb-26,13-Feb-26,3.73,,,
KGLTK0070_M_H,10,05-Feb-26,11-Feb-26,10.9,head dropped on bench and rack,accidentally spun down at 7000g for 1st elution,lost a head from first row - think it was the first sample
KGLTK0097_M_H,10,05-Feb-26,11-Feb-26,15.3,,,
KGLTK0098_M_H,10,05-Feb-26,11-Feb-26,2.53,,accidentally spun down at 7000g for 1st elution,
KGLTK0100_M_H,11,12-Feb-26,26-Feb-26,1.43,,,
KGLTK0101_M_H,9,03-Feb-26,13-Feb-26,0.617,,,
KGLTK0102_BF_H,10,05-Feb-26,11-Feb-26,0.947,,,
KGLTK0102_M_H,10,05-Feb-26,11-Feb-26,22.3,,,
KGLTK0103_BF_H,9,03-Feb-26,13-Feb-26,0.245,,,
KGLTK0103_M_H,10,05-Feb-26,11-Feb-26,0.783,,,lost a head from first row - think it was the first sample
KGLTK0104_M_H,10,05-Feb-26,11-Feb-26,4.68,,,
KGLTK0107_BF_H,10,05-Feb-26,11-Feb-26,0.278,Accidentally put 200 ul of extra ETOH,,
KGLTK0107_M_H,12,23-Feb-26,26-Feb-26,0.746,,,in at ~1:30 and out at ~12:30 on Feb 24 2026
KGLTK0108_M_H,9,03-Feb-26,13-Feb-26,0.528,,,
KGLTK0109_M_H,10,05-Feb-26,11-Feb-26,2.32,,,
KGLTK0110_M_H,9,03-Feb-26,13-Feb-26,0.471,,,
KGLTK0111_BF_H,9,03-Feb-26,13-Feb-26,0.206,,,
KGLTK0112_BF_H,10,05-Feb-26,11-Feb-26,1.88,,,In incubator at 4:16pm on Feb 5th
KGLTK0112_M_H,10,05-Feb-26,11-Feb-26,3.95,,,St same as 9 and 12
KGLTK0113_BF_H,10,05-Feb-26,11-Feb-26,1.33,,,
KGLTK0116_BF_H,9,03-Feb-26,13-Feb-26,0.203,,,
KGLTK0117_BF_H,9,03-Feb-26,13-Feb-26,too low out of range,,,
KGLTK0117_M_H,10,05-Feb-26,11-Feb-26,0.438,,,lost a head from first row - think it was the first sample
KGLTK0118_BF_H,10,05-Feb-26,11-Feb-26,0.418,,,
KGLTK0119_M_H,9,03-Feb-26,13-Feb-26,0.485,,,
KGLTK0123_BF_H,10,05-Feb-26,11-Feb-26,1.52,,,
KGLTK0126_BF_H,9,03-Feb-26,13-Feb-26,0.168,,,"In at 5:40 on Feb 3rd 2026, out at 5:04 pm Feb 4th 2026"
KGLTK0127_M_H,9,03-Feb-26,13-Feb-26,0.237,,,
KGLTK0131_BF_H,10,05-Feb-26,11-Feb-26,0.498,,,
KGLTK0131_M_H,11,12-Feb-26,26-Feb-26,0.259,,,
KGLTK0134_M_H,10,05-Feb-26,11-Feb-26,0.362,,,
KGLTK0137_BF_H,9,03-Feb-26,13-Feb-26,0.568,,,
KGLTK0140_BF_H,10,05-Feb-26,11-Feb-26,0.668,,,
KGLTK0143_BF_H,10,05-Feb-26,11-Feb-26,0.985,,,Not taken out till 10:55 Feb 9th (forgot about it over the weekend) -> notes on back
KGLTK0145_BF_H,9,03-Feb-26,13-Feb-26,1.14,,,
KGLTK0146_BF_H,11,12-Feb-26,26-Feb-26,0.285,,,
KGLTK0147_BF_H,9,03-Feb-26,13-Feb-26,0.22,,,
KGLTK0151_BF_H,10,05-Feb-26,11-Feb-26,14.5,,,
KGLTK0153_BF_H,9,03-Feb-26,13-Feb-26,1.22,,Audrey did,
KGLTK0182_BF_H,9,03-Feb-26,13-Feb-26,0.091,,,very low qubit value
KGLTK0185_BF_H,9,03-Feb-26,13-Feb-26,0.601,,,
KGLTK0271_BF_H,11,12-Feb-26,26-Feb-26,0.294,,,
KGLTK0271_M_H,11,12-Feb-26,26-Feb-26,1.27,put 400 ul of lysis buffer,,
KGLTK0277_BF_H,9,03-Feb-26,13-Feb-26,0.251,,,
KGLTK0277_M_H,9,03-Feb-26,13-Feb-26,0.252,,,
KGLTK0278_BF_H,9,03-Feb-26,13-Feb-26,0.5,,,
KGLTK0278_M_H,10,05-Feb-26,11-Feb-26,16.3,,,
KGLTK0279_BF_H,9,03-Feb-26,13-Feb-26,0.106,,,
KGLTK0279_M_H,9,03-Feb-26,13-Feb-26,0.23,,,
