SampleID,Collectors,Collection Date,Country/Ocean,State/Province,Region,Sector,ExactSite,Lat,Lon,Elev,Depth,Elevation Precision,Depth Precision,GPS Source,Coordinate Accuracy,Event Time,Collection Date Accuracy,Habitat,SamplingProtocol,Collection Notes,Site Code,FieldID
KBIMP_01_A1,D. Nowosad,July 25 2024,Canada,Nunavut,Kitikmeot,,DEW Line Rd,69.158318,-105.190284,24m,,,,,,,,,Dipnet,,,CBAY0037
KBIMP_01_A2,D. Nowosad,July 25 2024,Canada,Nunavut,Kitikmeot,,DEW Line Rd,69.158318,-105.190284,24m,,,,,,,,,Dipnet,,,CBAY0037
KBIMP_01_A3,D. Nowosad,July 25 2024,Canada,Nunavut,Kitikmeot,,DEW Line Rd,69.158318,-105.190284,24m,,,,,,,,,Dipnet,,,CBAY0037
KBIMP_01_A4,D. Nowosad,July 25 2024,Canada,Nunavut,Kitikmeot,,DEW Line Rd,69.158318,-105.190284,24m,,,,,,,,,Dipnet,,,CBAY0037
KBIMP_01_A5,D. Nowosad,July 25 2024,Canada,Nunavut,Kitikmeot,,DEW Line Rd,69.158318,-105.190284,24m,,,,,,,,,Dipnet,,,CBAY0037
KBIMP_01_A6,D. Nowosad,July 25 2024,Canada,Nunavut,Kitikmeot,,DEW Line Rd,69.158318,-105.190284,24m,,,,,,,,,Dipnet,,,CBAY0037
KBIMP_01_A7,D. Nowosad,July 25 2024,Canada,Nunavut,Kitikmeot,,DEW Line Rd,69.158318,-105.190284,24m,,,,,,,,,Dipnet,,,CBAY0037
KBIMP_01_A8,D. Nowosad,July 25 2024,Canada,Nunavut,Kitikmeot,,DEW Line Rd,69.158318,-105.190284,24m,,,,,,,,,Dipnet,,,CBAY0037
KBIMP_01_A9,D. Nowosad,July 25 2024,Canada,Nunavut,Kitikmeot,,DEW Line Rd,69.158318,-105.190284,24m,,,,,,,,,Dipnet,,,CBAY0037
KBIMP_01_A10,D. Nowosad,July 25 2024,Canada,Nunavut,Kitikmeot,,DEW Line Rd,69.158318,-105.190284,24m,,,,,,,,,Dipnet,,,CBAY0037
KBIMP_01_A11,D. Nowosad,July 25 2024,Canada,Nunavut,Kitikmeot,,DEW Line Rd,69.158318,-105.190284,24m,,,,,,,,,Dipnet,,,CBAY0037
KBIMP_01_A12,D. Nowosad,July 25 2024,Canada,Nunavut,Kitikmeot,,DEW Line Rd,69.158318,-105.190284,24m,,,,,,,,,Dipnet,,,CBAY0037
KBIMP_01_B1,D. Nowosad,July 25 2024,Canada,Nunavut,Kitikmeot,,DEW Line Rd,69.158318,-105.190284,24m,,,,,,,,,Dipnet,,,CBAY0037
KBIMP_01_B2,D. Nowosad,July 25 2024,Canada,Nunavut,Kitikmeot,,DEW Line Rd,69.158318,-105.190284,24m,,,,,,,,,Dipnet,,,CBAY0037
KBIMP_01_B3,D. Nowosad,July 25 2024,Canada,Nunavut,Kitikmeot,,DEW Line Rd,69.158318,-105.190284,24m,,,,,,,,,Dipnet,,,CBAY0037
KBIMP_01_B4,D. Nowosad,July 25 2024,Canada,Nunavut,Kitikmeot,,DEW Line Rd,69.158318,-105.190284,24m,,,,,,,,,Dipnet,,,CBAY0037
KBIMP_01_B5,D. Nowosad,July 25 2024,Canada,Nunavut,Kitikmeot,,DEW Line Rd,69.158318,-105.190284,24m,,,,,,,,,Dipnet,,,CBAY0037
KBIMP_01_B6,D. Nowosad,July 25 2024,Canada,Nunavut,Kitikmeot,,DEW Line Rd,69.158318,-105.190284,24m,,,,,,,,,Dipnet,,,CBAY0037
KBIMP_01_B7,D. Nowosad,July 25 2024,Canada,Nunavut,Kitikmeot,,DEW Line Rd,69.158318,-105.190284,24m,,,,,,,,,Dipnet,,,CBAY0037
KBIMP_01_B8,D. Nowosad,July 25 2024,Canada,Nunavut,Kitikmeot,,DEW Line Rd,69.158318,-105.190284,24m,,,,,,,,,Dipnet,,,CBAY0037
KBIMP_01_B9,D. Nowosad,July 25 2024,Canada,Nunavut,Kitikmeot,,DEW Line Rd,69.158318,-105.190284,24m,,,,,,,,,Dipnet,,,CBAY0037
KBIMP_01_B10,D. Nowosad,July 25 2024,Canada,Nunavut,Kitikmeot,,DEW Line Rd,69.158318,-105.190284,24m,,,,,,,,,Dipnet,,,CBAY0037
KBIMP_01_B11,D. Nowosad,July 25 2024,Canada,Nunavut,Kitikmeot,,DEW Line Rd,69.158318,-105.190284,24m,,,,,,,,,Dipnet,,,CBAY0037
KBIMP_01_B12,D. Nowosad,July 25 2024,Canada,Nunavut,Kitikmeot,,DEW Line Rd,69.158318,-105.190284,24m,,,,,,,,,Dipnet,,,CBAY0037
KBIMP_01_C1,D. Nowosad,July 25 2024,Canada,Nunavut,Kitikmeot,,DEW Line Rd,69.158318,-105.190284,24m,,,,,,,,,Dipnet,,,CBAY0037
KBIMP_01_C2,D. Nowosad,July 25 2024,Canada,Nunavut,Kitikmeot,,DEW Line Rd,69.158318,-105.190284,24m,,,,,,,,,Dipnet,,,CBAY0037
KBIMP_01_C3,D. Nowosad,July 25 2024,Canada,Nunavut,Kitikmeot,,DEW Line Rd,69.158318,-105.190284,24m,,,,,,,,,Dipnet,,,CBAY0037
KBIMP_01_C4,D. Nowosad,July 25 2024,Canada,Nunavut,Kitikmeot,,DEW Line Rd,69.158318,-105.190284,24m,,,,,,,,,Dipnet,,,CBAY0037
KBIMP_01_C5,D. Nowosad,July 25 2024,Canada,Nunavut,Kitikmeot,,DEW Line Rd,69.158318,-105.190284,24m,,,,,,,,,Dipnet,,,CBAY0037
KBIMP_01_C6,D. Nowosad,July 25 2024,Canada,Nunavut,Kitikmeot,,DEW Line Rd,69.158318,-105.190284,24m,,,,,,,,,Dipnet,,,CBAY0037
KBIMP_01_C7,D. Nowosad,July 25 2024,Canada,Nunavut,Kitikmeot,,DEW Line Rd,69.158318,-105.190284,24m,,,,,,,,,Dipnet,,,CBAY0037
KBIMP_01_C8,D. Nowosad,July 25 2024,Canada,Nunavut,Kitikmeot,,DEW Line Rd,69.158318,-105.190284,24m,,,,,,,,,Dipnet,,,CBAY0037
KBIMP_01_C9,D. Nowosad,July 25 2024,Canada,Nunavut,Kitikmeot,,DEW Line Rd,69.158318,-105.190284,24m,,,,,,,,,Dipnet,,,CBAY0037
KBIMP_01_C10,D. Nowosad,July 25 2024,Canada,Nunavut,Kitikmeot,,DEW Line Rd,69.158318,-105.190284,24m,,,,,,,,,Dipnet,,,CBAY0037
KBIMP_01_C11,D. Nowosad,July 25 2024,Canada,Nunavut,Kitikmeot,,DEW Line Rd,69.158318,-105.190284,24m,,,,,,,,,Dipnet,,,CBAY0037
KBIMP_01_C12,D. Nowosad,July 25 2024,Canada,Nunavut,Kitikmeot,,DEW Line Rd,69.158318,-105.190284,24m,,,,,,,,,Dipnet,,,CBAY0037
KBIMP_01_D1,D. Nowosad,July 25 2024,Canada,Nunavut,Kitikmeot,,DEW Line Rd,69.158318,-105.190284,24m,,,,,,,,,Dipnet,,,CBAY0037
KBIMP_01_D2,D. Nowosad,July 25 2024,Canada,Nunavut,Kitikmeot,,DEW Line Rd,69.158318,-105.190284,24m,,,,,,,,,Dipnet,,,CBAY0037
KBIMP_01_D3,D. Nowosad,July 25 2024,Canada,Nunavut,Kitikmeot,,DEW Line Rd,69.158318,-105.190284,24m,,,,,,,,,Dipnet,,,CBAY0037
KBIMP_01_D4,D. Nowosad,July 25 2024,Canada,Nunavut,Kitikmeot,,DEW Line Rd,69.158318,-105.190284,24m,,,,,,,,,Dipnet,,,CBAY0037
KBIMP_01_D5,D. Nowosad,July 25 2024,Canada,Nunavut,Kitikmeot,,DEW Line Rd,69.158318,-105.190284,24m,,,,,,,,,Dipnet,,,CBAY0037
KBIMP_01_D6,D. Nowosad,July 25 2024,Canada,Nunavut,Kitikmeot,,DEW Line Rd,69.158318,-105.190284,24m,,,,,,,,,Dipnet,,,CBAY0037
KBIMP_01_D7,D. Nowosad,July 25 2024,Canada,Nunavut,Kitikmeot,,DEW Line Rd,69.158318,-105.190284,24m,,,,,,,,,Dipnet,,,CBAY0037
KBIMP_01_D8,D. Nowosad,July 25 2024,Canada,Nunavut,Kitikmeot,,DEW Line Rd,69.158318,-105.190284,24m,,,,,,,,,Dipnet,,,CBAY0037
KBIMP_01_D9,D. Nowosad,July 25 2024,Canada,Nunavut,Kitikmeot,,DEW Line Rd,69.158318,-105.190284,24m,,,,,,,,,Dipnet,,,CBAY0037
KBIMP_01_D10,D. Nowosad,July 25 2024,Canada,Nunavut,Kitikmeot,,DEW Line Rd,69.158318,-105.190284,24m,,,,,,,,,Dipnet,,,CBAY0037
KBIMP_01_D11,D. Nowosad,July 25 2024,Canada,Nunavut,Kitikmeot,,DEW Line Rd,69.158318,-105.190284,24m,,,,,,,,,Dipnet,,,CBAY0037
KBIMP_01_D12,D. Nowosad,July 25 2024,Canada,Nunavut,Kitikmeot,,DEW Line Rd,69.158318,-105.190284,24m,,,,,,,,,Dipnet,,,CBAY0037
KBIMP_01_E1,D. Nowosad,July 25 2024,Canada,Nunavut,Kitikmeot,,DEW Line Rd,69.158318,-105.190284,24m,,,,,,,,,Dipnet,,,CBAY0037
KBIMP_01_E2,D. Nowosad,July 25 2024,Canada,Nunavut,Kitikmeot,,DEW Line Rd,69.158318,-105.190284,24m,,,,,,,,,Dipnet,,,CBAY0037
KBIMP_01_E3,D. Nowosad,July 25 2024,Canada,Nunavut,Kitikmeot,,DEW Line Rd,69.158318,-105.190284,24m,,,,,,,,,Dipnet,,,CBAY0037
KBIMP_01_E4,D. Nowosad,July 25 2024,Canada,Nunavut,Kitikmeot,,DEW Line Rd,69.158318,-105.190284,24m,,,,,,,,,Dipnet,,,CBAY0037
KBIMP_01_E5,D. Nowosad,July 25 2024,Canada,Nunavut,Kitikmeot,,DEW Line Rd,69.158318,-105.190284,24m,,,,,,,,,Dipnet,,,CBAY0037
KBIMP_01_E6,D. Nowosad,July 25 2024,Canada,Nunavut,Kitikmeot,,DEW Line Rd,69.158318,-105.190284,24m,,,,,,,,,Dipnet,,,CBAY0037
KBIMP_01_E7,D. Nowosad,July 25 2024,Canada,Nunavut,Kitikmeot,,DEW Line Rd,69.158318,-105.190284,24m,,,,,,,,,Dipnet,,,CBAY0037
KBIMP_01_E8,D. Nowosad,July 25 2024,Canada,Nunavut,Kitikmeot,,DEW Line Rd,69.158318,-105.190284,24m,,,,,,,,,Dipnet,,,CBAY0037
KBIMP_01_E9,D. Nowosad,July 25 2024,Canada,Nunavut,Kitikmeot,,DEW Line Rd,69.158318,-105.190284,24m,,,,,,,,,Dipnet,,,CBAY0037
KBIMP_01_E10,D. Nowosad,July 25 2024,Canada,Nunavut,Kitikmeot,,DEW Line Rd,69.158318,-105.190284,24m,,,,,,,,,Dipnet,,,CBAY0037
KBIMP_01_E11,D. Nowosad,July 25 2024,Canada,Nunavut,Kitikmeot,,DEW Line Rd,69.158318,-105.190284,24m,,,,,,,,,Dipnet,,,CBAY0037
KBIMP_01_E12,D. Nowosad,July 25 2024,Canada,Nunavut,Kitikmeot,,DEW Line Rd,69.158318,-105.190284,24m,,,,,,,,,Dipnet,,,CBAY0037
KBIMP_01_F1,D. Nowosad,July 25 2024,Canada,Nunavut,Kitikmeot,,DEW Line Rd,69.158318,-105.190284,24m,,,,,,,,,Dipnet,,,CBAY0037
KBIMP_01_F2,D. Nowosad,July 25 2024,Canada,Nunavut,Kitikmeot,,DEW Line Rd,69.158318,-105.190284,24m,,,,,,,,,Dipnet,,,CBAY0037
KBIMP_01_F3,D. Nowosad,July 25 2024,Canada,Nunavut,Kitikmeot,,DEW Line Rd,69.158318,-105.190284,24m,,,,,,,,,Dipnet,,,CBAY0037
KBIMP_01_F4,D. Nowosad,July 25 2024,Canada,Nunavut,Kitikmeot,,DEW Line Rd,69.158318,-105.190284,24m,,,,,,,,,Dipnet,,,CBAY0037
KBIMP_01_F5,D. Nowosad,July 25 2024,Canada,Nunavut,Kitikmeot,,DEW Line Rd,69.158318,-105.190284,24m,,,,,,,,,Dipnet,,,CBAY0037
KBIMP_01_F6,D. Nowosad,July 25 2024,Canada,Nunavut,Kitikmeot,,DEW Line Rd,69.158318,-105.190284,24m,,,,,,,,,Dipnet,,,CBAY0037
KBIMP_01_F7,D. Nowosad,July 25 2024,Canada,Nunavut,Kitikmeot,,DEW Line Rd,69.158318,-105.190284,24m,,,,,,,,,Dipnet,,,CBAY0037
KBIMP_01_F8,D. Nowosad,July 25 2024,Canada,Nunavut,Kitikmeot,,DEW Line Rd,69.158318,-105.190284,24m,,,,,,,,,Dipnet,,,CBAY0037
KBIMP_01_F9,D. Nowosad,July 25 2024,Canada,Nunavut,Kitikmeot,,DEW Line Rd,69.158318,-105.190284,24m,,,,,,,,,Dipnet,,,CBAY0037
KBIMP_01_F10,D. Nowosad,July 21 2024,Canada,Nunavut,Kitikmeot,,"Stream between 1st lake
 and Grenier",69.20555,-104.78194,10m,,,,,,,,,Dipnet,,,CBAY0020
KBIMP_01_F11,D. Nowosad,July 21 2024,Canada,Nunavut,Kitikmeot,,"Stream between 1st lake
 and Grenier",69.20555,-104.78194,10m,,,,,,,,,Dipnet,,,CBAY0020
KBIMP_01_F12,D. Nowosad,July 21 2024,Canada,Nunavut,Kitikmeot,,"Stream between 1st lake
 and Grenier",69.20555,-104.78194,10m,,,,,,,,,Dipnet,,,CBAY0020
KBIMP_01_G1,D. Nowosad,July 25 2024,Canada,Nunavut,Kitikmeot,,DEW Line Rd,69.158318,-105.190284,24m,,,,,,,,,Dipnet,,,CBAY0037
KBIMP_01_G2,D. Nowosad,July 21 2024,Canada,Nunavut,Kitikmeot,,"Stream between 1st lake
 and Grenier",69.20555,-104.78194,10m,,,,,,,,,Dipnet,,,CBAY0020
KBIMP_01_G3,D. Nowosad,July 21 2024,Canada,Nunavut,Kitikmeot,,"Stream between 1st lake
 and Grenier",69.20555,-104.78194,10m,,,,,,,,,Dipnet,,,CBAY0020
KBIMP_01_G4,D. Nowosad,July 21 2024,Canada,Nunavut,Kitikmeot,,"Stream between 1st lake
 and Grenier",69.20555,-104.78194,10m,,,,,,,,,Dipnet,,,CBAY0020
KBIMP_01_G5,D. Nowosad,July 21 2024,Canada,Nunavut,Kitikmeot,,"Stream between 1st lake
 and Grenier",69.20555,-104.78194,10m,,,,,,,,,Dipnet,,,CBAY0020
KBIMP_01_G6,D. Nowosad,July 21 2024,Canada,Nunavut,Kitikmeot,,"Stream between 1st lake
 and Grenier",69.20555,-104.78194,10m,,,,,,,,,Dipnet,,,CBAY0020
KBIMP_01_G7,D. Nowosad,July 21 2024,Canada,Nunavut,Kitikmeot,,"Stream between 1st lake
 and Grenier",69.20555,-104.78194,10m,,,,,,,,,Dipnet,,,CBAY0020
KBIMP_01_G8,D. Nowosad,July 21 2024,Canada,Nunavut,Kitikmeot,,"Stream between 1st lake
 and Grenier",69.20555,-104.78194,10m,,,,,,,,,Dipnet,,,CBAY0020
KBIMP_01_G9,D. Nowosad,July 21 2024,Canada,Nunavut,Kitikmeot,,"Stream between 1st lake
 and Grenier",69.20555,-104.78194,10m,,,,,,,,,Dipnet,,,CBAY0020
KBIMP_01_G10,D. Nowosad,July 21 2024,Canada,Nunavut,Kitikmeot,,"Stream between 1st lake
 and Grenier",69.20555,-104.78194,10m,,,,,,,,,Dipnet,,,CBAY0020
KBIMP_01_G11,D. Nowosad,July 21 2024,Canada,Nunavut,Kitikmeot,,"Stream between 1st lake
 and Grenier",69.20555,-104.78194,10m,,,,,,,,,Dipnet,,,CBAY0020
KBIMP_01_G12,D. Nowosad,July 21 2024,Canada,Nunavut,Kitikmeot,,"Stream between 1st lake
 and Grenier",69.20555,-104.78194,10m,,,,,,,,,Dipnet,,,CBAY0020
KBIMP_01_H1,D. Nowosad,July 21 2024,Canada,Nunavut,Kitikmeot,,"Stream between 1st lake
 and Grenier",69.20555,-104.78194,10m,,,,,,,,,Dipnet,,,CBAY0020
KBIMP_01_H2,D. Nowosad,July 24 2024,Canada,Nunavut,Kitikmeot,,Freshwater river by picnic area ,69.132486,-104.988703,,,,,,,,,,Dipnet,,,CBAY0029
KBIMP_01_H3,D. Nowosad,July 24 2024,Canada,Nunavut,Kitikmeot,,Freshwater river by picnic area ,69.132486,-104.988703,,,,,,,,,,Dipnet,,,CBAY0029
KBIMP_01_H4,D. Nowosad,July 24 2024,Canada,Nunavut,Kitikmeot,,Freshwater river by picnic area ,69.132486,-104.988703,,,,,,,,,,Dipnet,,,CBAY0029
KBIMP_01_H5,D. Nowosad,July 24 2024,Canada,Nunavut,Kitikmeot,,Freshwater river by picnic area ,69.132486,-104.988703,,,,,,,,,,Dipnet,,,CBAY0029
KBIMP_01_H6,D. Nowosad,July 24 2024,Canada,Nunavut,Kitikmeot,,Freshwater river by picnic area ,69.132486,-104.988703,,,,,,,,,,Dipnet,,,CBAY0029
KBIMP_01_H7,D. Nowosad,July 24 2024,Canada,Nunavut,Kitikmeot,,Freshwater river by picnic area ,69.132486,-104.988703,,,,,,,,,,Dipnet,,,CBAY0029
KBIMP_01_H8,D. Nowosad,July 24 2024,Canada,Nunavut,Kitikmeot,,Freshwater river by picnic area ,69.132486,-104.988703,,,,,,,,,,Dipnet,,,CBAY0029
KBIMP_01_H9,D. Nowosad,July 24 2024,Canada,Nunavut,Kitikmeot,,Freshwater river by picnic area ,69.132486,-104.988703,,,,,,,,,,Dipnet,,,CBAY0029
KBIMP_01_H10,D. Nowosad,July 24 2024,Canada,Nunavut,Kitikmeot,,Freshwater river by picnic area ,69.132486,-104.988703,,,,,,,,,,Dipnet,,,CBAY0029
KBIMP_01_H11,D. Nowosad,July 24 2024,Canada,Nunavut,Kitikmeot,,Freshwater river by picnic area ,69.132486,-104.988703,,,,,,,,,,Dipnet,,,CBAY0029
KBIMP_002_A1,D. Nowosad,July 28 2024,Canada,Nunavut,Kitikmeot,,Freshwater river  ,69.112595,-105.010236,,,,,,,,,,Dipnet,,,CBAY0026
KBIMP_002_A2,D. Nowosad,July 28 2024,Canada,Nunavut,Kitikmeot,,Freshwater river  ,69.112595,-105.010236,,,,,,,,,,Dipnet,,,CBAY0026
KBIMP_002_A3,D. Nowosad,July 28 2024,Canada,Nunavut,Kitikmeot,,Freshwater river  ,69.112595,-105.010236,,,,,,,,,,Dipnet,,,CBAY0026
KBIMP_002_A4,D. Nowosad,July 28 2024,Canada,Nunavut,Kitikmeot,,Freshwater river  ,69.112595,-105.010236,,,,,,,,,,Dipnet,,,CBAY0026
KBIMP_002_A5,D. Nowosad,July 28 2024,Canada,Nunavut,Kitikmeot,,Freshwater river  ,69.112595,-105.010236,,,,,,,,,,Dipnet,,,CBAY0026
KBIMP_002_A6,D. Nowosad,July 28 2024,Canada,Nunavut,Kitikmeot,,Freshwater river  ,69.112595,-105.010236,,,,,,,,,,Dipnet,,,CBAY0026
KBIMP_002_A7,D. Nowosad,July 28 2024,Canada,Nunavut,Kitikmeot,,Freshwater river  ,69.112595,-105.010236,,,,,,,,,,Dipnet,,,CBAY0026
KBIMP_002_A8,D. Nowosad,July 28 2024,Canada,Nunavut,Kitikmeot,,Freshwater river  ,69.112595,-105.010236,,,,,,,,,,Dipnet,,,CBAY0026
KBIMP_002_A9,D. Nowosad,July 28 2024,Canada,Nunavut,Kitikmeot,,Freshwater river  ,69.112595,-105.010236,,,,,,,,,,Dipnet,,,CBAY0026
KBIMP_002_A10,D. Nowosad,July 28 2024,Canada,Nunavut,Kitikmeot,,Freshwater river  ,69.112595,-105.010236,,,,,,,,,,Dipnet,,,CBAY0026
KBIMP_002_A11,D. Nowosad,July 28 2024,Canada,Nunavut,Kitikmeot,,Freshwater river  ,69.112595,-105.010236,,,,,,,,,,Dipnet,,,CBAY0026
KBIMP_002_A12,D. Nowosad,July 24 2024,Canada,Nunavut,Kitikmeot,,Freshwater river by picnic area ,69.132438,-104.988833,,,,,,,,,,Surber net,,,CBAY0030
KBIMP_002_B1,D. Nowosad,July 21 2024,Canada,Nunavut,Kitikmeot,,Between 1st lake and grenier,69.204444,-104.773889,,,,,,,,,,Surber net,,,CBAY0021
KBIMP_002_B2,D. Nowosad,July 24 2024,Canada,Nunavut,Kitikmeot,,Freshwater river by picnic area ,69.132438,-104.988833,,,,,,,,,,Surber net,,,CBAY0030
KBIMP_002_B3,D. Nowosad,July 24 2024,Canada,Nunavut,Kitikmeot,,Freshwater river by picnic area ,69.132438,-104.988833,,,,,,,,,,Surber net,,,CBAY0030
KBIMP_002_B4,D. Nowosad,July 24 2024,Canada,Nunavut,Kitikmeot,,Freshwater river by picnic area ,69.132438,-104.988833,,,,,,,,,,Surber net,,,CBAY0030
KBIMP_002_B5,D. Nowosad,July 24 2024,Canada,Nunavut,Kitikmeot,,Freshwater river by picnic area ,69.132438,-104.988833,,,,,,,,,,Surber net,,,CBAY0030
KBIMP_002_B6,D. Nowosad,July 24 2024,Canada,Nunavut,Kitikmeot,,Freshwater river by picnic area ,69.132438,-104.988833,,,,,,,,,,Surber net,,,CBAY0030
KBIMP_002_B7,D. Nowosad,July 24 2024,Canada,Nunavut,Kitikmeot,,Freshwater river by picnic area ,69.132438,-104.988833,,,,,,,,,,Surber net,,,CBAY0030
KBIMP_002_B8,D. Nowosad,July 24 2024,Canada,Nunavut,Kitikmeot,,Freshwater river by picnic area ,69.132438,-104.988833,,,,,,,,,,Surber net,,,CBAY0030
KBIMP_002_B9,D. Nowosad,July 24 2024,Canada,Nunavut,Kitikmeot,,Freshwater river by picnic area ,69.132438,-104.988833,,,,,,,,,,Surber net,,,CBAY0030
KBIMP_002_B10,D. Nowosad,July 24 2024,Canada,Nunavut,Kitikmeot,,Freshwater river by picnic area ,69.132438,-104.988833,,,,,,,,,,Surber net,,,CBAY0030
KBIMP_002_B11,D. Nowosad,July 24 2024,Canada,Nunavut,Kitikmeot,,Freshwater river by picnic area ,69.132438,-104.988833,,,,,,,,,,Surber net,,,CBAY0030
KBIMP_002_B12,Cassia,June 7 2024,Canada,Nunavut,Kitikmeot,,Kitigak River - Site 1,69.20525,-104.78947,,,,,,,,,,Surber net,,,CBAY0017
KBIMP_002_C1,Cassia,June 7 2024,Canada,Nunavut,Kitikmeot,,Kitigak River - Site 1,69.20525,-104.78947,,,,,,,,,,Surber net,,,CBAY0017
KBIMP_002_C2,Cassia,June 7 2024,Canada,Nunavut,Kitikmeot,,Kitigak River - Site 1,69.20525,-104.78947,,,,,,,,,,Surber net,,,CBAY0017
KBIMP_002_C3,Cassia,June 7 2024,Canada,Nunavut,Kitikmeot,,Kitigak River - Site 1,69.20525,-104.78947,,,,,,,,,,Surber net,,,CBAY0017
KBIMP_002_C4,Cassia,June 7 2024,Canada,Nunavut,Kitikmeot,,Kitigak River - Site 1,69.20525,-104.78947,,,,,,,,,,Surber net,,,CBAY0017
KBIMP_002_C5,Cassia,June 7 2024,Canada,Nunavut,Kitikmeot,,Kitigak River - Site 1,69.20525,-104.78947,,,,,,,,,,Surber net,,,CBAY0017
KBIMP_002_C6,Cassia,June 7 2024,Canada,Nunavut,Kitikmeot,,Kitigak River - Site 1,69.20525,-104.78947,,,,,,,,,,Surber net,,,CBAY0017
KBIMP_002_C7,Cassia,June 7 2024,Canada,Nunavut,Kitikmeot,,Kitigak River - Site 1,69.20525,-104.78947,,,,,,,,,,Surber net,,,CBAY0017
KBIMP_002_C8,Cassia,June 7 2024,Canada,Nunavut,Kitikmeot,,Kitigak River - Site 1,69.20525,-104.78947,,,,,,,,,,Surber net,,,CBAY0017
KBIMP_002_C9,Cassia,June 7 2024,Canada,Nunavut,Kitikmeot,,Kitigak River - Site 1,69.20525,-104.78947,,,,,,,,,,Surber net,,,CBAY0017
KBIMP_002_C10,O. Colman,July 29 2024,Canada,Nunavut,Kitikmeot,,Creek South of Pelly Road,69.119246,-105.127423,,,,,,,,,,Surber net,,,CBAY 0038
KBIMP_002_C11,O. Colman,July 29 2024,Canada,Nunavut,Kitikmeot,,Creek South of Pelly Road,69.119246,-105.127423,,,,,,,,,,Surber net,,,CBAY 0038
KBIMP_002_C12,O. Colman,July 29 2024,Canada,Nunavut,Kitikmeot,,Creek South of Pelly Road,69.119246,-105.127423,,,,,,,,,,Surber net,,,CBAY 0038
KBIMP_002_D1,O. Colman,July 29 2024,Canada,Nunavut,Kitikmeot,,Creek South of Pelly Road,69.119246,-105.127423,,,,,,,,,,Surber net,,,CBAY 0038
KBIMP_002_D2,O. Colman,July 29 2024,Canada,Nunavut,Kitikmeot,,Creek South of Pelly Road,69.119246,-105.127423,,,,,,,,,,Surber net,,,CBAY 0038
KBIMP_002_D3,O. Colman,July 29 2024,Canada,Nunavut,Kitikmeot,,Creek South of Pelly Road,69.119246,-105.127423,,,,,,,,,,Surber net,,,CBAY 0038
KBIMP_002_D4,O. Colman,July 29 2024,Canada,Nunavut,Kitikmeot,,Creek South of Pelly Road,69.119246,-105.127423,,,,,,,,,,Surber net,,,CBAY 0038
KBIMP_002_D5,O. Colman,July 29 2024,Canada,Nunavut,Kitikmeot,,Creek South of Pelly Road,69.119246,-105.127423,,,,,,,,,,Surber net,,,CBAY 0038
KBIMP_002_D6,O. Colman,July 29 2024,Canada,Nunavut,Kitikmeot,,Creek South of Pelly Road,69.119246,-105.127423,,,,,,,,,,Surber net,,,CBAY 0038
KBIMP_002_D7,O. Colman,July 29 2024,Canada,Nunavut,Kitikmeot,,Creek South of Pelly Road,69.119246,-105.127423,,,,,,,,,,Surber net,,,CBAY 0038
KBIMP_002_D8,O. Colman,July 25 2024,Canada,Nunavut,Kitikmeot,,DEW Line Rd,69.13247,-104.988683,,,,,,,,,,Sweep net,,,CBAY0022
KBIMP_002_D9,O. Colman,July 25 2024,Canada,Nunavut,Kitikmeot,,DEW Line Rd,69.13247,-104.988683,,,,,,,,,,Sweep net,,,CBAY0022
KBIMP_002_D10,O. Colman,July 25 2024,Canada,Nunavut,Kitikmeot,,DEW Line Rd,69.13247,-104.988683,,,,,,,,,,Sweep net,,,CBAY0022
KBIMP_002_D11,O. Colman,July 25 2024,Canada,Nunavut,Kitikmeot,,DEW Line Rd,69.13247,-104.988683,,,,,,,,,,Sweep net,,,CBAY0022
KBIMP_002_D12,O. Colman,July 25 2024,Canada,Nunavut,Kitikmeot,,DEW Line Rd,69.13247,-104.988683,,,,,,,,,,Sweep net,,,CBAY0022
KBIMP_002_E1,O. Colman,July 25 2024,Canada,Nunavut,Kitikmeot,,DEW Line Rd,69.13247,-104.988683,,,,,,,,,,Sweep net,,,CBAY0022
KBIMP_002_E2,O. Colman,July 25 2024,Canada,Nunavut,Kitikmeot,,DEW Line Rd,69.13247,-104.988683,,,,,,,,,,Sweep net,,,CBAY0022
KBIMP_002_E3,O. Colman,July 25 2024,Canada,Nunavut,Kitikmeot,,DEW Line Rd,69.13247,-104.988683,,,,,,,,,,Sweep net,,,CBAY0022
KBIMP_002_E4,O. Colman,July 25 2024,Canada,Nunavut,Kitikmeot,,DEW Line Rd,69.13247,-104.988683,,,,,,,,,,Sweep net,,,CBAY0022
KBIMP_002_E5,O. Colman,July 25 2024,Canada,Nunavut,Kitikmeot,,DEW Line Rd,69.13247,-104.988683,,,,,,,,,,Sweep net,,,CBAY0022
KBIMP_002_E6,O. Colman,July 25 2024,Canada,Nunavut,Kitikmeot,,1st creek/the ravine,69.132925,-105.461572,,,,,,,,,,Sweep net,,,CBAY0036
KBIMP_002_E7,O. Colman,July 25 2024,Canada,Nunavut,Kitikmeot,,1st creek/the ravine,69.132925,-105.461572,,,,,,,,,,Sweep net,,,CBAY0036
KBIMP_002_E8,O. Colman,July 25 2024,Canada,Nunavut,Kitikmeot,,1st creek/the ravine,69.132925,-105.461572,,,,,,,,,,Sweep net,,,CBAY0036
KBIMP_002_E9,O. Colman,July 25 2024,Canada,Nunavut,Kitikmeot,,1st creek/the ravine,69.132925,-105.461572,,,,,,,,,,Sweep net,,,CBAY0036
KBIMP_002_E10,O. Colman,July 25 2024,Canada,Nunavut,Kitikmeot,,1st creek/the ravine,69.132925,-105.461572,,,,,,,,,,Sweep net,,,CBAY0036
KBIMP_002_E11,O. Colman,July 25 2024,Canada,Nunavut,Kitikmeot,,1st creek/the ravine,69.132925,-105.461572,,,,,,,,,,Sweep net,,,CBAY0036
KBIMP_002_E12,O. Colman,July 25 2024,Canada,Nunavut,Kitikmeot,,1st creek/the ravine,69.132925,-105.461572,,,,,,,,,,Sweep net,,,CBAY0036
KBIMP_002_F1,O. Colman,July 25 2024,Canada,Nunavut,Kitikmeot,,1st creek/the ravine,69.132925,-105.461572,,,,,,,,,,Sweep net,,,CBAY0036
KBIMP_002_F2,O. Colman,July 25 2024,Canada,Nunavut,Kitikmeot,,1st creek/the ravine,69.132925,-105.461572,,,,,,,,,,Sweep net,,,CBAY0036
KBIMP_002_F3,O. Colman,July 25 2024,Canada,Nunavut,Kitikmeot,,1st creek/the ravine,69.132925,-105.461572,,,,,,,,,,Sweep net,,,CBAY0036
KBIMP_002_F4,O. Colman,July 25 2024,Canada,Nunavut,Kitikmeot,,1st creek/the ravine,69.132925,-105.461572,,,,,,,,,,Sweep net,,,CBAY0036
KBIMP_002_F5,O. Colman,July 25 2024,Canada,Nunavut,Kitikmeot,,1st creek/the ravine,69.132925,-105.461572,,,,,,,,,,Sweep net,,,CBAY0036
KBIMP_002_F6,O. Colman,July 25 2024,Canada,Nunavut,Kitikmeot,,1st creek/the ravine,69.132925,-105.461572,,,,,,,,,,Sweep net,,,CBAY0036
KBIMP_002_F7,O. Colman,July 25 2024,Canada,Nunavut,Kitikmeot,,1st creek/the ravine,69.132925,-105.461572,,,,,,,,,,Sweep net,,,CBAY0036
KBIMP_002_F8,O. Colman,July 25 2024,Canada,Nunavut,Kitikmeot,,1st creek/the ravine,69.132925,-105.461572,,,,,,,,,,Sweep net,,,CBAY0036
KBIMP_002_F9,O. Colman,July 25 2024,Canada,Nunavut,Kitikmeot,,1st creek/the ravine,69.132925,-105.461572,,,,,,,,,,Sweep net,,,CBAY0036
KBIMP_002_F10,O. Colman,July 24 2024,Canada,Nunavut,Kitikmeot,,Freshwater river by picnic area ,69.132231,-104.988717,,,,,,,,,,Sweep net,,,CBAY0028
KBIMP_002_F11,O. Colman,July 24 2024,Canada,Nunavut,Kitikmeot,,Freshwater river by picnic area ,69.132231,-104.988717,,,,,,,,,,Sweep net,,,CBAY0028
KBIMP_002_F12,O. Colman,August 5 2024,Canada,Nunavut,Kitikmeot,,Past old town,69.11194444,-104.9858333,,,,,,,,,,Sweep net,,,CBAY0066
KBIMP_002_G1,O. Colman,August 5 2024,Canada,Nunavut,Kitikmeot,,Past old town,69.11194444,-104.9858333,,,,,,,,,,Sweep net,,,CBAY0066
KBIMP_002_G2,O. Colman,August 5 2024,Canada,Nunavut,Kitikmeot,,2nd Culvert Pelly Road,69.17888889,-104.8227778,,,,,,,,,,Sweep net,,,CBAY0066
KBIMP_002_G3,O. Colman,August 5 2024,Canada,Nunavut,Kitikmeot,,2nd Culvert Pelly Road,69.17888889,-104.8227778,,,,,,,,,,Sweep net,,,CBAY0066
KBIMP_002_G4,O. Colman,August 5 2024,Canada,Nunavut,Kitikmeot,,2nd Culvert Pelly Road,69.17888889,-104.8227778,,,,,,,,,,Sweep net,,,CBAY0072
KBIMP_002_G5,O. Colman,August 5 2024,Canada,Nunavut,Kitikmeot,,2nd Culvert Pelly Road,69.17888889,-104.8227778,,,,,,,,,,Sweep net,,,CBAY0072
KBIMP_002_G6,O. Colman,August 5 2024,Canada,Nunavut,Kitikmeot,,2nd Culvert Pelly Road,69.17888889,-104.8227778,,,,,,,,,,Sweep net,,,CBAY0072
KBIMP_002_G7,O. Colman,August 5 2024,Canada,Nunavut,Kitikmeot,,2nd Culvert Pelly Road,69.17888889,-104.8227778,,,,,,,,,,Sweep net,,,CBAY0072
KBIMP_002_G8,O. Colman,August 5 2024,Canada,Nunavut,Kitikmeot,,2nd Culvert Pelly Road,69.17888889,-104.8227778,,,,,,,,,,Sweep net,,,CBAY0072
KBIMP_002_G9,O. Colman,August 7 2024,Canada,Nunavut,Kitikmeot,,DEW Line Rd Freshwater Creek,69.121222,-105.0415298,,,,,,,,,,Sweep net,,,CBAY0065
KBIMP_002_G10,O. Colman,August 7 2024,Canada,Nunavut,Kitikmeot,,DEW Line Rd Freshwater Creek,69.121222,-105.0415298,,,,,,,,,,Sweep net,,,CBAY0065
KBIMP_002_G11,O. Colman,August 7 2024,Canada,Nunavut,Kitikmeot,,DEW Line Rd Freshwater Creek,69.121222,-105.0415298,,,,,,,,,,Sweep net,,,CBAY0065
KBIMP_002_G12,O. Colman,August 7 2024,Canada,Nunavut,Kitikmeot,,DEW Line Rd Freshwater Creek,69.121222,-105.0415298,,,,,,,,,,Sweep net,,,CBAY0065
KBIMP_002_H1,O. Colman,August 7 2024,Canada,Nunavut,Kitikmeot,,DEW Line Rd Freshwater Creek,69.121222,-105.0415298,,,,,,,,,,Sweep net,,,CBAY0065
KBIMP_002_H2,O. Colman,August 7 2024,Canada,Nunavut,Kitikmeot,,DEW Line Rd Freshwater Creek,69.121222,-105.0415298,,,,,,,,,,Sweep net,,,CBAY0065
KBIMP_002_H3,O. Colman,August 7 2024,Canada,Nunavut,Kitikmeot,,DEW Line Rd Freshwater Creek,69.121222,-105.0415298,,,,,,,,,,Sweep net,,,CBAY0065
KBIMP_002_H4,O. Colman,August 7 2024,Canada,Nunavut,Kitikmeot,,DEW Line Rd Freshwater Creek,69.121222,-105.0415298,,,,,,,,,,Sweep net,,,CBAY0065
KBIMP_002_H5,O. Colman,August 7 2024,Canada,Nunavut,Kitikmeot,,DEW Line Rd Freshwater Creek,69.121222,-105.0415298,,,,,,,,,,Sweep net,,,CBAY0065
KBIMP_002_H6,O. Colman,August 7 2024,Canada,Nunavut,Kitikmeot,,DEW Line Rd Freshwater Creek,69.121222,-105.0415298,,,,,,,,,,Sweep net,,,CBAY0065
KBIMP_002_H7,O. Colman,August 2 2024,Canada,Nunavut,Kitikmeot,,Freshwater river by picnic area resample ,69.132277,-104.98813,,,,,,,,,,Sweep net,,,CBAY0060
KBIMP_002_H8,O. Colman,August 2 2024,Canada,Nunavut,Kitikmeot,,Freshwater river by picnic area resample ,69.132277,-104.98813,,,,,,,,,,Sweep net,,,CBAY0060
KBIMP_002_H9,O. Colman,August 2 2024,Canada,Nunavut,Kitikmeot,,Freshwater river by picnic area resample ,69.132277,-104.98813,,,,,,,,,,Sweep net,,,CBAY0060
KBIMP_002_H10,O. Colman,August 2 2024,Canada,Nunavut,Kitikmeot,,Freshwater river by picnic area resample ,69.132277,-104.98813,,,,,,,,,,Sweep net,,,CBAY0060
KBIMP_002_H11,O. Colman,August 2 2024,Canada,Nunavut,Kitikmeot,,Freshwater river by picnic area resample ,69.132277,-104.98813,,,,,,,,,,Sweep net,,,CBAY0060
KBIMP_003_A1,O. Colman,August 2 2024,Canada,Nunavut,Kitikmeot,,Freshwater river by picnic area resample ,69.132277,-104.98813,,,,,,,,,,Sweep net,,,CBAY0060
KBIMP_003_A2,O. Colman,August 2 2024,Canada,Nunavut,Kitikmeot,,Freshwater river by picnic area resample ,69.132277,-104.98813,,,,,,,,,,Sweep net,,,CBAY0060
KBIMP_003_A3,O. Colman,August 2 2024,Canada,Nunavut,Kitikmeot,,Freshwater river by picnic area resample ,69.132277,-104.98813,,,,,,,,,,Sweep net,,,CBAY0060
KBIMP_003_A4,O. Colman,August 2 2024,Canada,Nunavut,Kitikmeot,,Freshwater river by picnic area resample ,69.132277,-104.98813,,,,,,,,,,Sweep net,,,CBAY0060
KBIMP_003_A5,O. Colman,August 2 2024,Canada,Nunavut,Kitikmeot,,Freshwater river by picnic area resample ,69.132277,-104.98813,,,,,,,,,,Sweep net,,,CBAY0060
KBIMP_003_A6,O. Colman,August 2 2024,Canada,Nunavut,Kitikmeot,,Freshwater river by picnic area resample ,69.132277,-104.98813,,,,,,,,,,Sweep net,,,CBAY0060
KBIMP_003_A7,O. Colman,August 2 2024,Canada,Nunavut,Kitikmeot,,Freshwater river by picnic area resample ,69.132277,-104.98813,,,,,,,,,,Sweep net,,,CBAY0060
KBIMP_003_A8,O. Colman,August 2 2024,Canada,Nunavut,Kitikmeot,,Freshwater river by picnic area resample ,69.132277,-104.98813,,,,,,,,,,Sweep net,,,CBAY0060
KBIMP_003_A9,O. Colman,August 7 2024,Canada,Nunavut,Kitikmeot,,DEW Line Rd,69.19088,-105.127378,,,,,,,,,,Sweep net,,,CBAY0070
KBIMP_003_A10,O. Colman,August 7 2024,Canada,Nunavut,Kitikmeot,,DEW Line Rd,69.19088,-105.127378,,,,,,,,,,Sweep net,,,CBAY0070
KBIMP_003_A11,O. Colman,August 7 2024,Canada,Nunavut,Kitikmeot,,DEW Line Rd,69.19088,-105.127378,,,,,,,,,,Sweep net,,,CBAY0070
KBIMP_003_A12,O. Colman,August 7 2024,Canada,Nunavut,Kitikmeot,,1st creek/the ravine,69.132866,-105.46373,,,,,,,,,,Sweep net,,,CBAY0078
KBIMP_003_B1,O. Colman,August 7 2024,Canada,Nunavut,Kitikmeot,,1st creek/the ravine,69.132866,-105.46373,,,,,,,,,,Sweep net,,,CBAY0078
KBIMP_003_B2,O. Colman,August 7 2024,Canada,Nunavut,Kitikmeot,,1st creek/the ravine,69.132866,-105.46373,,,,,,,,,,Sweep net,,,CBAY0078
KBIMP_003_B3,O. Colman,August 7 2024,Canada,Nunavut,Kitikmeot,,1st creek/the ravine,69.132866,-105.46373,,,,,,,,,,Sweep net,,,CBAY0078
KBIMP_003_B4,O. Colman,August 7 2024,Canada,Nunavut,Kitikmeot,,1st creek/the ravine,69.132866,-105.46373,,,,,,,,,,Sweep net,,,CBAY0078
KBIMP_003_B5,O. Colman,August 7 2024,Canada,Nunavut,Kitikmeot,,1st creek/the ravine,69.132866,-105.46373,,,,,,,,,,Sweep net,,,CBAY0078
KBIMP_003_B6,O. Colman,August 7 2024,Canada,Nunavut,Kitikmeot,,1st creek/the ravine,69.132866,-105.46373,,,,,,,,,,Sweep net,,,CBAY0078
KBIMP_003_B7,O. Colman,August 7 2024,Canada,Nunavut,Kitikmeot,,1st creek/the ravine,69.132866,-105.46373,,,,,,,,,,Sweep net,,,CBAY0078
KBIMP_003_B8,O. Colman,August 7 2024,Canada,Nunavut,Kitikmeot,,1st creek/the ravine,69.132866,-105.46373,,,,,,,,,,Sweep net,,,CBAY0078
KBIMP_003_B9,O. Colman,August 7 2024,Canada,Nunavut,Kitikmeot,,1st creek/the ravine,69.132866,-105.46373,,,,,,,,,,Sweep net,,,CBAY0078
KBIMP_003_B10,O. Colman,August 7 2024,Canada,Nunavut,Kitikmeot,,1st creek/the ravine,69.132866,-105.46373,,,,,,,,,,Sweep net,,,CBAY0078
KBIMP_003_B11,O. Colman,August 7 2024,Canada,Nunavut,Kitikmeot,,1st creek/the ravine,69.132866,-105.46373,,,,,,,,,,Sweep net,,,CBAY0078
KBIMP_003_B12,O. Colman,August 7 2024,Canada,Nunavut,Kitikmeot,,1st creek/the ravine,69.132866,-105.46373,,,,,,,,,,Sweep net,,,CBAY0078
KBIMP_003_C1,O. Colman,August 5 2024,Canada,Nunavut,Kitikmeot,,Creek South of Pelly Road,69.12861111,-104.9897222,,,,,,,,,,Sweep net,,,CBAY0062
KBIMP_003_C2,O. Colman,August 5 2024,Canada,Nunavut,Kitikmeot,,Creek South of Pelly Road,69.12861111,-104.9897222,,,,,,,,,,Sweep net,,,CBAY0062
KBIMP_003_C3,O. Colman,August 5 2024,Canada,Nunavut,Kitikmeot,,Creek South of Pelly Road,69.12861111,-104.9897222,,,,,,,,,,Sweep net,,,CBAY0062
KBIMP_003_C4,O. Colman,August 5 2024,Canada,Nunavut,Kitikmeot,,Creek South of Pelly Road,69.12861111,-104.9897222,,,,,,,,,,Sweep net,,,CBAY0062
KBIMP_003_C5,O. Colman,August 5 2024,Canada,Nunavut,Kitikmeot,,Creek South of Pelly Road,69.12861111,-104.9897222,,,,,,,,,,Sweep net,,,CBAY0062
KBIMP_003_C6,O. Colman,August 3 2024,Canada,Nunavut,Kitikmeot,,Gravel pit,69.096233,-105.274631,,,,,,,,,,Sweep net,,,CBAY0067
KBIMP_003_C7,O. Colman,August 5 2024,Canada,Nunavut,Kitikmeot,,Between first lake and Grenier,69.20527778,-104.7755556,,,,,,,,,,Sweep net,,,CBAY0073
KBIMP_003_C8,O. Colman,August 5 2024,Canada,Nunavut,Kitikmeot,,Between first lake and Grenier,69.20527778,-104.7755556,,,,,,,,,,Sweep net,,,CBAY0073
KBIMP_003_C9,O. Colman,August 5 2024,Canada,Nunavut,Kitikmeot,,Between first lake and Grenier,69.20527778,-104.7755556,,,,,,,,,,Sweep net,,,CBAY0073
KBIMP_003_C10,O. Colman,August 5 2024,Canada,Nunavut,Kitikmeot,,Between first lake and Grenier,69.20527778,-104.7755556,,,,,,,,,,Sweep net,,,CBAY0073
KBIMP_003_C11,O. Colman,August 5 2024,Canada,Nunavut,Kitikmeot,,Between first lake and Grenier,69.20527778,-104.7755556,,,,,,,,,,Sweep net,,,CBAY0073
KBIMP_003_C12,O. Colman,August 5 2024,Canada,Nunavut,Kitikmeot,,Between first lake and Grenier,69.20527778,-104.7755556,,,,,,,,,,Sweep net,,,CBAY0073
KBIMP_003_D1,O. Colman,August 5 2024,Canada,Nunavut,Kitikmeot,,Between first lake and Grenier,69.20527778,-104.7755556,,,,,,,,,,Sweep net,,,CBAY0073
KBIMP_003_D2,O. Colman,August 5 2024,Canada,Nunavut,Kitikmeot,,Between first lake and Grenier,69.20527778,-104.7755556,,,,,,,,,,Sweep net,,,CBAY0073
KBIMP_003_D3,O. Colman,August 5 2024,Canada,Nunavut,Kitikmeot,,Between first lake and Grenier,69.20527778,-104.7755556,,,,,,,,,,Sweep net,,,CBAY0073
KBIMP_003_D4,O. Colman,August 5 2024,Canada,Nunavut,Kitikmeot,,Between first lake and Grenier,69.20527778,-104.7755556,,,,,,,,,,Sweep net,,,CBAY0073
KBIMP_003_D5,O. Colman,July 25 2024,Canada,Nunavut,Kitikmeot,,1st creek/the ravine,69.132925,-105.461572,,,,,,,,,,Sweep net,,,CBAY0036
KBIMP_003_D6,O. Colman,July 25 2024,Canada,Nunavut,Kitikmeot,,1st creek/the ravine,69.132925,-105.461572,,,,,,,,,,Sweep net,,,CBAY0036
KBIMP_003_D7,O. Colman,July 25 2024,Canada,Nunavut,Kitikmeot,,1st creek/the ravine,69.132925,-105.461572,,,,,,,,,,Sweep net,,,CBAY0036
KBIMP_003_D8,O. Colman,July 25 2024,Canada,Nunavut,Kitikmeot,,1st creek/the ravine,69.132925,-105.461572,,,,,,,,,,Sweep net,,,CBAY0036
KBIMP_003_D9,O. Colman,July 25 2024,Canada,Nunavut,Kitikmeot,,1st creek/the ravine,69.132925,-105.461572,,,,,,,,,,Sweep net,,,CBAY0036
KBIMP_003_D10,O. Colman,July 25 2024,Canada,Nunavut,Kitikmeot,,1st creek/the ravine,69.132925,-105.461572,,,,,,,,,,Sweep net,,,CBAY0036
KBIMP_003_D11,O. Colman,July 25 2024,Canada,Nunavut,Kitikmeot,,1st creek/the ravine,69.132925,-105.461572,,,,,,,,,,Sweep net,,,CBAY0036
KBIMP_003_D12,O. Colman,July 25 2024,Canada,Nunavut,Kitikmeot,,1st creek/the ravine,69.132925,-105.461572,,,,,,,,,,Sweep net,,,CBAY0036
KBIMP_003_E1,O. Colman,July 25 2024,Canada,Nunavut,Kitikmeot,,1st creek/the ravine,69.132925,-105.461572,,,,,,,,,,Sweep net,,,CBAY0036
KBIMP_003_E2,O. Colman,July 25 2024,Canada,Nunavut,Kitikmeot,,1st creek/the ravine,69.132925,-105.461572,,,,,,,,,,Sweep net,,,CBAY0036
KBIMP_003_E3,O. Colman,July 25 2024,Canada,Nunavut,Kitikmeot,,1st creek/the ravine,69.132925,-105.461572,,,,,,,,,,Sweep net,,,CBAY0036
KBIMP_003_E4,O. Colman,July 25 2024,Canada,Nunavut,Kitikmeot,,1st creek/the ravine,69.132925,-105.461572,,,,,,,,,,Sweep net,,,CBAY0036
KBIMP_003_E5,D. Nowosad,August 1 2024,Canada,Nunavut,Kitikmeot,,DEW Line Rd,69.19312,-105.127489,,,,,,,,,,Sweep net,,,CBAY0046
KBIMP_003_E6,D. Nowosad,August 1 2024,Canada,Nunavut,Kitikmeot,,DEW Line Rd,69.19312,-105.127489,,,,,,,,,,Sweep net,,,CBAY0046
KBIMP_003_E7,D. Nowosad,August 1 2024,Canada,Nunavut,Kitikmeot,,DEW Line Rd,69.19312,-105.127489,,,,,,,,,,Sweep net,,,CBAY0046
KBIMP_003_E8,D. Nowosad,August 1 2024,Canada,Nunavut,Kitikmeot,,DEW Line Rd,69.19312,-105.127489,,,,,,,,,,Sweep net,,,CBAY0046
KBIMP_003_E9,D. Nowosad,August 1 2024,Canada,Nunavut,Kitikmeot,,DEW Line Rd,69.19312,-105.127489,,,,,,,,,,Sweep net,,,CBAY0046
KBIMP_003_E10,D. Nowosad,August 1 2024,Canada,Nunavut,Kitikmeot,,DEW Line Rd,69.19312,-105.127489,,,,,,,,,,Sweep net,,,CBAY0046
KBIMP_003_E11,D. Nowosad,August 1 2024,Canada,Nunavut,Kitikmeot,,DEW Line Rd,69.19312,-105.127489,,,,,,,,,,Sweep net,,,CBAY0046
KBIMP_003_E12,D. Nowosad,August 1 2024,Canada,Nunavut,Kitikmeot,,DEW Line Rd,69.19312,-105.127489,,,,,,,,,,Sweep net,,,CBAY0046
KBIMP_003_F1,D. Nowosad,August 1 2024,Canada,Nunavut,Kitikmeot,,DEW Line Rd,69.19312,-105.127489,,,,,,,,,,Sweep net,,,CBAY0046
KBIMP_003_F2,D. Nowosad,August 1 2024,Canada,Nunavut,Kitikmeot,,DEW Line Rd,69.19312,-105.127489,,,,,,,,,,Sweep net,,,CBAY0046
KBIMP_003_F3,D. Nowosad,August 1 2024,Canada,Nunavut,Kitikmeot,,DEW Line Rd,69.147755,-105.192759,,,,,,,,,,Sweep net,,,CBAY0041
KBIMP_003_F4,O. Colman,August 1 2024,Canada,Nunavut,Kitikmeot,,DEW Line Rd,69.158205,-105.190377,,,,,,,,,,Sweep net,,,CBAY0050
KBIMP_003_F5,O. Colman,August 1 2024,Canada,Nunavut,Kitikmeot,,DEW Line Rd,69.158205,-105.190377,,,,,,,,,,Sweep net,,,CBAY0050
KBIMP_003_F6,O. Colman,August 1 2024,Canada,Nunavut,Kitikmeot,,DEW Line Rd,69.158205,-105.190377,,,,,,,,,,Sweep net,,,CBAY0050
KBIMP_003_F7,O. Colman,August 1 2024,Canada,Nunavut,Kitikmeot,,DEW Line Rd,69.158205,-105.190377,,,,,,,,,,Sweep net,,,CBAY0050
KBIMP_003_F8,O. Colman,August 1 2024,Canada,Nunavut,Kitikmeot,,DEW Line Rd,69.158205,-105.190377,,,,,,,,,,Sweep net,,,CBAY0050
KBIMP_003_F9,O. Colman,August 1 2024,Canada,Nunavut,Kitikmeot,,DEW Line Rd,69.158205,-105.190377,,,,,,,,,,Sweep net,,,CBAY0050
KBIMP_003_F10,O. Colman,August 1 2024,Canada,Nunavut,Kitikmeot,,DEW Line Rd,69.158205,-105.190377,,,,,,,,,,Sweep net,,,CBAY0050
KBIMP_003_F11,O. Colman,August 1 2024,Canada,Nunavut,Kitikmeot,,DEW Line Rd,69.158205,-105.190377,,,,,,,,,,Sweep net,,,CBAY0050
KBIMP_003_F12,O. Colman,August 1 2024,Canada,Nunavut,Kitikmeot,,DEW Line Rd,69.158205,-105.190377,,,,,,,,,,Sweep net,,,CBAY0050
KBIMP_003_G1,O. Colman,August 1 2024,Canada,Nunavut,Kitikmeot,,DEW Line Rd,69.158205,-105.190377,,,,,,,,,,Sweep net,,,CBAY0050
KBIMP_003_G2,O. Colman,August 1 2024,Canada,Nunavut,Kitikmeot,,DEW Line Rd,69.158205,-105.190377,,,,,,,,,,Sweep net,,,CBAY0050
KBIMP_003_G3,O. Colman,August 1 2024,Canada,Nunavut,Kitikmeot,,DEW Line Rd,69.158205,-105.190377,,,,,,,,,,Sweep net,,,CBAY0050
KBIMP_003_G4,O. Colman,July 31 2024,Canada,Nunavut,Kitikmeot,,1st creek ,69.133033,-105.462978,,,,,,,,,,Sweep net,,,CBAY0047
KBIMP_003_G5,O. Colman,August 3 2024,Canada,Nunavut,Kitikmeot,,West arm/gravel pit near sea,69.090294,-105.225557,,,,,,,,,,Sweep net,,,CBAY0069
KBIMP_003_G6,O. Colman,August 3 2024,Canada,Nunavut,Kitikmeot,,West arm/gravel pit near sea,69.090294,-105.225557,,,,,,,,,,Sweep net,,,CBAY0069
KBIMP_003_G7,D. Nowosad,August 5 2024,Canada,Nunavut,Kitikmeot,,Freshwater river Pelly Rd,69.14305556,-104.9475,,,,,,,,,,Sweep net,,,CBAY0071
KBIMP_003_G8,D. Nowosad,August 5 2024,Canada,Nunavut,Kitikmeot,,Freshwater river Pelly Rd,69.14305556,-104.9475,,,,,,,,,,Sweep net,,,CBAY0071
KBIMP_003_G9,D. Nowosad,August 5 2024,Canada,Nunavut,Kitikmeot,,Freshwater river Pelly Rd,69.14305556,-104.9475,,,,,,,,,,Sweep net,,,CBAY0071
KBIMP_003_G10,D. Nowosad,August 5 2024,Canada,Nunavut,Kitikmeot,,Freshwater river Pelly Rd,69.14305556,-104.9475,,,,,,,,,,Sweep net,,,CBAY0071
KBIMP_003_G11,D. Nowosad,August 5 2024,Canada,Nunavut,Kitikmeot,,Freshwater river Pelly Rd,69.14305556,-104.9475,,,,,,,,,,Sweep net,,,CBAY0071
KBIMP_003_G12,D. Nowosad,August 5 2024,Canada,Nunavut,Kitikmeot,,Freshwater river Pelly Rd,69.14305556,-104.9475,,,,,,,,,,Sweep net,,,CBAY0071
KBIMP_003_H1,D. Nowosad,August 5 2024,Canada,Nunavut,Kitikmeot,,Freshwater river Pelly Rd,69.14305556,-104.9475,,,,,,,,,,Sweep net,,,CBAY0071
KBIMP_003_H2,D. Nowosad,August 5 2024,Canada,Nunavut,Kitikmeot,,Freshwater river Pelly Rd,69.14305556,-104.9475,,,,,,,,,,Sweep net,,,CBAY0071
KBIMP_003_H3,D. Nowosad,August 5 2024,Canada,Nunavut,Kitikmeot,,Freshwater river Pelly Rd,69.14305556,-104.9475,,,,,,,,,,Sweep net,,,CBAY0071
KBIMP_003_H4,D. Nowosad,August 5 2024,Canada,Nunavut,Kitikmeot,,Freshwater river Pelly Rd,69.14305556,-104.9475,,,,,,,,,,Sweep net,,,CBAY0071
KBIMP_003_H5,O. Colman,August 1 2024,Canada,Nunavut,Kitikmeot,,DEW Line Rd,69.167666,-105.195481,,,,,,,,,,Sweep net,,,CBAY0044
KBIMP_003_H6,O. Colman/D.Nowosad,July 31 - August 7 2024,Canada,Nunavut,Kitikmeot,,1st creek/Long Pt creek,69.13281,-105.4632,,,,,,,,,,Malaise Trap,,,CBAY0045
KBIMP_003_H7,O. Colman/D.Nowosad,July 31 - August 7 2024,Canada,Nunavut,Kitikmeot,,1st creek/Long Pt creek,69.13281,-105.4632,,,,,,,,,,Malaise Trap,,,CBAY0045
KBIMP_003_H8,O. Colman/D.Nowosad,July 31 - August 7 2024,Canada,Nunavut,Kitikmeot,,1st creek/Long Pt creek,69.13281,-105.4632,,,,,,,,,,Malaise Trap,,,CBAY0045
KBIMP_003_H9,O. Colman/D.Nowosad,July 31 - August 7 2024,Canada,Nunavut,Kitikmeot,,1st creek/Long Pt creek,69.13281,-105.4632,,,,,,,,,,Malaise Trap,,,CBAY0045
KBIMP_003_H10,O. Colman/D.Nowosad,July 31 - August 7 2024,Canada,Nunavut,Kitikmeot,,1st creek/Long Pt creek,69.13281,-105.4632,,,,,,,,,,Malaise Trap,,,CBAY0045
KBIMP_003_H11,O. Colman/D.Nowosad,July 31 - August 7 2024,Canada,Nunavut,Kitikmeot,,1st creek/Long Pt creek,69.13281,-105.4632,,,,,,,,,,Malaise Trap,,,CBAY0045
KBIMP_004_A1,O. Colman/D.Nowosad,July 31 - August 7 2024,Canada,Nunavut,Kitikmeot,,1st creek/Long Pt creek,69.13281,-105.4632,,,,,,,,,,Malaise Trap,,,CBAY0045
KBIMP_004_A2,O. Colman/D.Nowosad,July 31 - August 7 2024,Canada,Nunavut,Kitikmeot,,1st creek/Long Pt creek,69.13281,-105.4632,,,,,,,,,,Malaise Trap,,,CBAY0045
KBIMP_004_A3,O. Colman/D.Nowosad,July 31 - August 7 2024,Canada,Nunavut,Kitikmeot,,1st creek/Long Pt creek,69.13281,-105.4632,,,,,,,,,,Malaise Trap,,,CBAY0045
KBIMP_004_A4,O. Colman/D.Nowosad,July 31 - August 7 2024,Canada,Nunavut,Kitikmeot,,1st creek/Long Pt creek,69.13281,-105.4632,,,,,,,,,,Malaise Trap,,,CBAY0045
KBIMP_004_A5,O. Colman/D.Nowosad,July 31 - August 7 2024,Canada,Nunavut,Kitikmeot,,1st creek/Long Pt creek,69.13281,-105.4632,,,,,,,,,,Malaise Trap,,,CBAY0045
KBIMP_004_A6,O. Colman/D.Nowosad,July 31 - August 7 2024,Canada,Nunavut,Kitikmeot,,1st creek/Long Pt creek,69.13281,-105.4632,,,,,,,,,,Malaise Trap,,,CBAY0045
KBIMP_004_A7,O. Colman/D.Nowosad,July 31 - August 7 2024,Canada,Nunavut,Kitikmeot,,1st creek/Long Pt creek,69.13281,-105.4632,,,,,,,,,,Malaise Trap,,,CBAY0045
KBIMP_004_A8,O. Colman/D.Nowosad,July 31 - August 7 2024,Canada,Nunavut,Kitikmeot,,1st creek/Long Pt creek,69.13281,-105.4632,,,,,,,,,,Malaise Trap,,,CBAY0045
KBIMP_004_A9,O. Colman/D.Nowosad,July 31 - August 7 2024,Canada,Nunavut,Kitikmeot,,1st creek/Long Pt creek,69.13281,-105.4632,,,,,,,,,,Malaise Trap,,,CBAY0045
KBIMP_004_A10,O. Colman/D.Nowosad,July 31 - August 7 2024,Canada,Nunavut,Kitikmeot,,1st creek/Long Pt creek,69.13281,-105.4632,,,,,,,,,,Malaise Trap,,,CBAY0045
KBIMP_004_A11,O. Colman/D.Nowosad,July 25 - July 31 2024,Canada,Nunavut,Kitikmeot,,Long Pt Creek,69.13281,-105.4632,,,,,,,,,,Malaise Trap,,,CBAY0056
KBIMP_004_A12,O. Colman/D.Nowosad,July 25 - July 31 2024,Canada,Nunavut,Kitikmeot,,Long Pt Creek,69.13281,-105.4632,,,,,,,,,,Malaise Trap,,,CBAY0056
KBIMP_004_B1,O. Colman/D.Nowosad,July 25 - July 31 2024,Canada,Nunavut,Kitikmeot,,Long Pt Creek,69.13281,-105.4632,,,,,,,,,,Malaise Trap,,,CBAY0056
KBIMP_004_B2,O. Colman/D.Nowosad,July 25 - July 31 2024,Canada,Nunavut,Kitikmeot,,Long Pt Creek,69.13281,-105.4632,,,,,,,,,,Malaise Trap,,,CBAY0056
KBIMP_004_B3,O. Colman/D.Nowosad,July 25 - July 31 2024,Canada,Nunavut,Kitikmeot,,Long Pt Creek,69.13281,-105.4632,,,,,,,,,,Malaise Trap,,,CBAY0056
KBIMP_004_B4,O. Colman/D.Nowosad,July 25 - July 31 2024,Canada,Nunavut,Kitikmeot,,Long Pt Creek,69.13281,-105.4632,,,,,,,,,,Malaise Trap,,,CBAY0056
KBIMP_004_B5,O. Colman/D.Nowosad,July 25 - July 31 2024,Canada,Nunavut,Kitikmeot,,Long Pt Creek,69.13281,-105.4632,,,,,,,,,,Malaise Trap,,,CBAY0056
KBIMP_004_B6,O. Colman/D.Nowosad,July 25 - July 31 2024,Canada,Nunavut,Kitikmeot,,Long Pt Creek,69.13281,-105.4632,,,,,,,,,,Malaise Trap,,,CBAY0056
KBIMP_004_B7,O. Colman/D.Nowosad,July 25 - July 31 2024,Canada,Nunavut,Kitikmeot,,Long Pt Creek,69.13281,-105.4632,,,,,,,,,,Malaise Trap,,,CBAY0056
KBIMP_004_B8,O. Colman/D.Nowosad,July 25 - July 31 2024,Canada,Nunavut,Kitikmeot,,Long Pt Creek,69.13281,-105.4632,,,,,,,,,,Malaise Trap,,,CBAY0056
KBIMP_004_B9,O. Colman/D.Nowosad,July 25 - July 31 2024,Canada,Nunavut,Kitikmeot,,Long Pt Creek,69.13281,-105.4632,,,,,,,,,,Malaise Trap,,,CBAY0056
KBIMP_004_B10,O. Colman/D.Nowosad,July 25 - July 31 2024,Canada,Nunavut,Kitikmeot,,Long Pt Creek,69.13281,-105.4632,,,,,,,,,,Malaise Trap,,,CBAY0056
KBIMP_004_B11,O. Colman/D.Nowosad,July 25 - July 31 2024,Canada,Nunavut,Kitikmeot,,Long Pt Creek,69.13281,-105.4632,,,,,,,,,,Malaise Trap,,,CBAY0056
KBIMP_004_B12,O. Colman/D.Nowosad,July 25 - July 31 2024,Canada,Nunavut,Kitikmeot,,Long Pt Creek,69.13281,-105.4632,,,,,,,,,,Malaise Trap,,,CBAY0056
KBIMP_004_C1,O. Colman/D.Nowosad,July 25 - July 31 2024,Canada,Nunavut,Kitikmeot,,Long Pt Creek,69.13281,-105.4632,,,,,,,,,,Malaise Trap,,,CBAY0056
KBIMP_004_C2,O. Colman/D.Nowosad,July 25 - July 31 2024,Canada,Nunavut,Kitikmeot,,Long Pt Creek,69.13281,-105.4632,,,,,,,,,,Malaise Trap,,,CBAY0056
KBIMP_004_C3,O. Colman/D.Nowosad,July 25 - July 31 2024,Canada,Nunavut,Kitikmeot,,Long Pt Creek,69.13281,-105.4632,,,,,,,,,,Malaise Trap,,,CBAY0056
KBIMP_004_C4,O. Colman/D.Nowosad,July 25 - July 31 2024,Canada,Nunavut,Kitikmeot,,Long Pt Creek,69.13281,-105.4632,,,,,,,,,,Malaise Trap,,,CBAY0056
KBIMP_004_C5,O. Colman/D.Nowosad,July 25 - July 31 2024,Canada,Nunavut,Kitikmeot,,Long Pt Creek,69.13281,-105.4632,,,,,,,,,,Malaise Trap,,,CBAY0056
KBIMP_004_C6,O. Colman/D.Nowosad,July 25 - July 31 2024,Canada,Nunavut,Kitikmeot,,Long Pt Creek,69.13281,-105.4632,,,,,,,,,,Malaise Trap,,,CBAY0056
KBIMP_004_C7,O. Colman/D.Nowosad,August 1-August 7 2024,Canada,Nunavut,Kitikmeot,,DEW line Rd,69.132477,-104.988683,,,,,,,,,,Malaise Trap,,,CBAY0052
KBIMP_004_C8,O. Colman/D.Nowosad,August 1-August 7 2024,Canada,Nunavut,Kitikmeot,,DEW line Rd,69.132477,-104.988683,,,,,,,,,,Malaise Trap,,,CBAY0052
KBIMP_004_C9,O. Colman/D.Nowosad,August 1-August 7 2024,Canada,Nunavut,Kitikmeot,,DEW line Rd,69.132477,-104.988683,,,,,,,,,,Malaise Trap,,,CBAY0052
KBIMP_004_C10,O. Colman/D.Nowosad,August 1-August 7 2024,Canada,Nunavut,Kitikmeot,,DEW line Rd,69.132477,-104.988683,,,,,,,,,,Malaise Trap,,,CBAY0052
KBIMP_004_C11,O. Colman/D.Nowosad,August 1-August 7 2024,Canada,Nunavut,Kitikmeot,,DEW line Rd,69.132477,-104.988683,,,,,,,,,,Malaise Trap,,,CBAY0052
KBIMP_004_C12,O. Colman/D.Nowosad,August 1-August 7 2024,Canada,Nunavut,Kitikmeot,,DEW line Rd,69.132477,-104.988683,,,,,,,,,,Malaise Trap,,,CBAY0052
KBIMP_004_D1,O. Colman/D.Nowosad,August 1-August 7 2024,Canada,Nunavut,Kitikmeot,,DEW line Rd,69.132477,-104.988683,,,,,,,,,,Malaise Trap,,,CBAY0052
KBIMP_004_D2,O. Colman/D.Nowosad,August 1-August 7 2024,Canada,Nunavut,Kitikmeot,,DEW line Rd,69.132477,-104.988683,,,,,,,,,,Malaise Trap,,,CBAY0052
KBIMP_004_D3,O. Colman/D.Nowosad,August 1-August 7 2024,Canada,Nunavut,Kitikmeot,,DEW line Rd,69.132477,-104.988683,,,,,,,,,,Malaise Trap,,,CBAY0052
KBIMP_004_D4,O. Colman/D.Nowosad,August 1-August 7 2024,Canada,Nunavut,Kitikmeot,,DEW line Rd,69.132477,-104.988683,,,,,,,,,,Malaise Trap,,,CBAY0052
KBIMP_004_D5,O. Colman/D.Nowosad,July 25 - July 31 2024,Canada,Nunavut,Kitikmeot,,Creek by Long Pt beach,69.158448,-105.19093,,,,,,,,,,Malaise Trap,,,CBAY0025
KBIMP_004_D6,O. Colman/D.Nowosad,July 25 - July 31 2024,Canada,Nunavut,Kitikmeot,,Creek by Long Pt beach,69.158448,-105.19093,,,,,,,,,,Malaise Trap,,,CBAY0025
KBIMP_004_D7,O. Colman/D.Nowosad,July 25 - July 31 2024,Canada,Nunavut,Kitikmeot,,Creek by Long Pt beach,69.158448,-105.19093,,,,,,,,,,Malaise Trap,,,CBAY0025
KBIMP_004_D8,O. Colman/D.Nowosad,July 25 - July 31 2024,Canada,Nunavut,Kitikmeot,,Creek by Long Pt beach,69.158448,-105.19093,,,,,,,,,,Malaise Trap,,,CBAY0025
KBIMP_004_D9,O. Colman/D.Nowosad,July 25 - July 31 2024,Canada,Nunavut,Kitikmeot,,Creek by Long Pt beach,69.158448,-105.19093,,,,,,,,,,Malaise Trap,,,CBAY0025
KBIMP_004_D10,O. Colman/D.Nowosad,July 25 - July 31 2024,Canada,Nunavut,Kitikmeot,,Creek by Long Pt beach,69.158448,-105.19093,,,,,,,,,,Malaise Trap,,,CBAY0025
KBIMP_004_D11,O. Colman/D.Nowosad,July 25 - July 31 2024,Canada,Nunavut,Kitikmeot,,Creek by Long Pt beach,69.158448,-105.19093,,,,,,,,,,Malaise Trap,,,CBAY0025
KBIMP_004_D12,O. Colman/D.Nowosad,July 25 - July 31 2024,Canada,Nunavut,Kitikmeot,,Creek by Long Pt beach,69.158448,-105.19093,,,,,,,,,,Malaise Trap,,,CBAY0025
KBIMP_004_E1,O. Colman/D.Nowosad,July 25 - July 31 2024,Canada,Nunavut,Kitikmeot,,Creek by Long Pt beach,69.158448,-105.19093,,,,,,,,,,Malaise Trap,,,CBAY0025
KBIMP_004_E2,O. Colman/D.Nowosad,July 25 - July 31 2024,Canada,Nunavut,Kitikmeot,,Creek by Long Pt beach,69.158448,-105.19093,,,,,,,,,,Malaise Trap,,,CBAY0025
KBIMP_004_E3,O. Colman/D.Nowosad,August 1-August 7 2024,Canada,Nunavut,Kitikmeot,,DEW line Rd,69.132477,-104.988683,,,,,,,,,,Malaise Trap,,,CBAY0052
KBIMP_004_E4,O. Colman/D.Nowosad,August 1-August 7 2024,Canada,Nunavut,Kitikmeot,,DEW line Rd,69.132477,-104.988683,,,,,,,,,,Malaise Trap,,,CBAY0052
KBIMP_004_E5,O. Colman/D.Nowosad,August 1-August 7 2024,Canada,Nunavut,Kitikmeot,,DEW line Rd,69.132477,-104.988683,,,,,,,,,,Malaise Trap,,,CBAY0052
KBIMP_004_E6,O. Colman/D.Nowosad,August 1-August 7 2024,Canada,Nunavut,Kitikmeot,,DEW line Rd,69.132477,-104.988683,,,,,,,,,,Malaise Trap,,,CBAY0052
KBIMP_004_E7,O. Colman/D.Nowosad,August 1-August 7 2024,Canada,Nunavut,Kitikmeot,,DEW line Rd,69.132477,-104.988683,,,,,,,,,,Malaise Trap,,,CBAY0052
KBIMP_004_E8,O. Colman/D.Nowosad,August 1-August 7 2024,Canada,Nunavut,Kitikmeot,,DEW line Rd,69.132477,-104.988683,,,,,,,,,,Malaise Trap,,,CBAY0052
KBIMP_004_E9,O. Colman/D.Nowosad,August 1-August 7 2024,Canada,Nunavut,Kitikmeot,,DEW line Rd,69.132477,-104.988683,,,,,,,,,,Malaise Trap,,,CBAY0052
KBIMP_004_E10,O. Colman/D.Nowosad,August 1-August 7 2024,Canada,Nunavut,Kitikmeot,,DEW line Rd,69.132477,-104.988683,,,,,,,,,,Malaise Trap,,,CBAY0052
KBIMP_004_E11,O. Colman/D.Nowosad,August 1-August 7 2024,Canada,Nunavut,Kitikmeot,,DEW line Rd,69.132477,-104.988683,,,,,,,,,,Malaise Trap,,,CBAY0052
KBIMP_004_E12,O. Colman,July 28 2024,Canada,Nunavut,Kitikmeot,,Freshwater river ,69.130466,-104.996363,,,,,,,,,,Sweep net ,,,CBAY0039
KBIMP_004_F1,O. Colman,July 28 2024,Canada,Nunavut,Kitikmeot,,Freshwater river ,69.130466,-104.996363,,,,,,,,,,Sweep net ,,,CBAY0039
KBIMP_004_F2,O. Colman,July 28 2024,Canada,Nunavut,Kitikmeot,,Freshwater river ,69.130466,-104.996363,,,,,,,,,,Sweep net ,,,CBAY0039
KBIMP_004_F3,O. Colman,July 28 2024,Canada,Nunavut,Kitikmeot,,Freshwater river ,69.130466,-104.996363,,,,,,,,,,Sweep net ,,,CBAY0039
KBIMP_004_F4,O. Colman,July 28 2024,Canada,Nunavut,Kitikmeot,,Freshwater river ,69.130466,-104.996363,,,,,,,,,,Sweep net ,,,CBAY0039
KBIMP_004_F5,O. Colman,July 28 2024,Canada,Nunavut,Kitikmeot,,Freshwater river ,69.130466,-104.996363,,,,,,,,,,Sweep net ,,,CBAY0039
KBIMP_004_F6,O. Colman,July 28 2024,Canada,Nunavut,Kitikmeot,,Freshwater river ,69.130466,-104.996363,,,,,,,,,,Sweep net ,,,CBAY0039
KBIMP_004_F7,O. Colman,July 28 2024,Canada,Nunavut,Kitikmeot,,Freshwater river ,69.130466,-104.996363,,,,,,,,,,Sweep net ,,,CBAY0039
KBIMP_004_F8,O. Colman,July 28 2024,Canada,Nunavut,Kitikmeot,,Freshwater river ,69.130466,-104.996363,,,,,,,,,,Sweep net ,,,CBAY0039
KBIMP_004_F9,O. Colman,July 28 2024,Canada,Nunavut,Kitikmeot,,Freshwater river ,69.130466,-104.996363,,,,,,,,,,Sweep net ,,,CBAY0039
KBIMP_004_F10,O. Colman,July 28 2024,Canada,Nunavut,Kitikmeot,,Freshwater river ,69.130466,-104.996363,,,,,,,,,,Sweep net ,,,CBAY0039
KBIMP_004_F11,O. Colman,July 28 2024,Canada,Nunavut,Kitikmeot,,Freshwater river ,69.130466,-104.996363,,,,,,,,,,Sweep net ,,,CBAY0039
KBIMP_004_F12,O. Colman,July 28 2024,Canada,Nunavut,Kitikmeot,,Freshwater river ,69.130466,-104.996363,,,,,,,,,,Sweep net ,,,CBAY0039
KBIMP_004_G1,O. Colman,July 28 2024,Canada,Nunavut,Kitikmeot,,Freshwater river ,69.130466,-104.996363,,,,,,,,,,Sweep net ,,,CBAY0039
KBIMP_004_G2,O. Colman,July 28 2024,Canada,Nunavut,Kitikmeot,,Freshwater river ,69.130466,-104.996363,,,,,,,,,,Sweep net ,,,CBAY0039
KBIMP_004_G3,O. Colman,July 24 2024,Canada,Nunavut,Kitikmeot,,Freshwater river ,69.120943,-105.042616,,,,,,,,,,Sweep net ,,,CBAY0040
KBIMP_004_G4,O. Colman,July 24 2024,Canada,Nunavut,Kitikmeot,,Freshwater river ,69.120943,-105.042616,,,,,,,,,,Sweep net ,,,CBAY0040
KBIMP_004_G5,O. Colman,July 24 2024,Canada,Nunavut,Kitikmeot,,Freshwater river ,69.120943,-105.042616,,,,,,,,,,Sweep net ,,,CBAY0040
KBIMP_004_G6,O. Colman,July 24 2024,Canada,Nunavut,Kitikmeot,,Freshwater river ,69.120943,-105.042616,,,,,,,,,,Sweep net ,,,CBAY0040
KBIMP_004_G7,O. Colman,July 24 2024,Canada,Nunavut,Kitikmeot,,Freshwater river ,69.120943,-105.042616,,,,,,,,,,Sweep net ,,,CBAY0040
KBIMP_004_G8,O. Colman,July 24 2024,Canada,Nunavut,Kitikmeot,,Freshwater river ,69.120943,-105.042616,,,,,,,,,,Sweep net ,,,CBAY0040
KBIMP_004_G9,O. Colman,July 24 2024,Canada,Nunavut,Kitikmeot,,Freshwater river ,69.120943,-105.042616,,,,,,,,,,Sweep net ,,,CBAY0040
KBIMP_004_G10,O. Colman,July 24 2024,Canada,Nunavut,Kitikmeot,,Freshwater river ,69.120943,-105.042616,,,,,,,,,,Sweep net ,,,CBAY0040
KBIMP_004_G11,O. Colman,July 24 2024,Canada,Nunavut,Kitikmeot,,Freshwater river ,69.120943,-105.042616,,,,,,,,,,Sweep net ,,,CBAY0040
KBIMP_004_G12,O. Colman,July 24 2024,Canada,Nunavut,Kitikmeot,,Freshwater river ,69.120943,-105.042616,,,,,,,,,,Sweep net ,,,CBAY0040
KBIMP_004_H1,O. Colman,July 24 2024,Canada,Nunavut,Kitikmeot,,Freshwater river ,69.120943,-105.042616,,,,,,,,,,Sweep net ,,,CBAY0040
KBIMP_004_H2,O. Colman,July 24 2024,Canada,Nunavut,Kitikmeot,,Freshwater river ,69.120943,-105.042616,,,,,,,,,,Sweep net ,,,CBAY0040
KBIMP_004_H3,O. Colman,July 24 2024,Canada,Nunavut,Kitikmeot,,Freshwater river ,69.120943,-105.042616,,,,,,,,,,Sweep net ,,,CBAY0040
KBIMP_004_H4,O. Colman,July 24 2024,Canada,Nunavut,Kitikmeot,,Freshwater river ,69.120943,-105.042616,,,,,,,,,,Sweep net ,,,CBAY0040
KBIMP_004_H5,O. Colman,July 24 2024,Canada,Nunavut,Kitikmeot,,Freshwater river ,69.120943,-105.042616,,,,,,,,,,Sweep net ,,,CBAY0040
KBIMP_004_H6,O. Colman,July 24 2024,Canada,Nunavut,Kitikmeot,,Freshwater river ,69.120943,-105.042616,,,,,,,,,,Sweep net ,,,CBAY0040
KBIMP_004_H7,O. Colman,July 24 2024,Canada,Nunavut,Kitikmeot,,Freshwater river ,69.120943,-105.042616,,,,,,,,,,Sweep net ,,,CBAY0040
KBIMP_004_H8,O. Colman,July 24 2024,Canada,Nunavut,Kitikmeot,,Freshwater river ,69.120943,-105.042616,,,,,,,,,,Sweep net ,,,CBAY0040
KBIMP_004_H9,O. Colman,July 24 2024,Canada,Nunavut,Kitikmeot,,Freshwater river ,69.120943,-105.042616,,,,,,,,,,Sweep net ,,,CBAY0040
KBIMP_004_H10,O. Colman,July 24 2024,Canada,Nunavut,Kitikmeot,,Freshwater river ,69.120943,-105.042616,,,,,,,,,,Sweep net ,,,CBAY0040
KBIMP_004_H11,O. Colman,Aug 2 2024,Canada,Nunavut,Kitikmeot,,S of pelly Rd near swimming hole ,69.128939,-104.99419,,,,,,,,,,Sweep net ,,,CBAY0035
KBIMP-_005_A1,O. Colman/D.Nowosad,July 25 - July 31 2024,Canada,Nunavut,Kitikmeot,,Creek by Long Pt beach,69.158448,-105.19093,,,,,,,,,,Malaise Trap,,,CBAY0025
KBIMP-_005_A2,O. Colman/D.Nowosad,August 1-August 7 2024,Canada,Nunavut,Kitikmeot,,Creek by Long Pt beach,69.158448,-105.19093,,,,,,,,,,Malaise Trap,,,CBAY0051
KBIMP-_005_A3,O. Colman/D.Nowosad,August 1-August 7 2024,Canada,Nunavut,Kitikmeot,,Creek by Long Pt beach,69.158448,-105.19093,,,,,,,,,,Malaise Trap,,,CBAY0051
KBIMP-_005_A4,O. Colman/D.Nowosad,August 1-August 7 2024,Canada,Nunavut,Kitikmeot,,Creek by Long Pt beach,69.158448,-105.19093,,,,,,,,,,Malaise Trap,,,CBAY0051
KBIMP-_005_A5,O. Colman/D.Nowosad,August 1-August 7 2024,Canada,Nunavut,Kitikmeot,,Creek by Long Pt beach,69.158448,-105.19093,,,,,,,,,,Malaise Trap,,,CBAY0051
KBIMP-_005_A6,O. Colman/D.Nowosad,August 1-August 7 2024,Canada,Nunavut,Kitikmeot,,Creek by Long Pt beach,69.158448,-105.19093,,,,,,,,,,Malaise Trap,,,CBAY0051
KBIMP-_005_A7,O. Colman/D.Nowosad,August 1-August 7 2024,Canada,Nunavut,Kitikmeot,,Creek by Long Pt beach,69.158448,-105.19093,,,,,,,,,,Malaise Trap,,,CBAY0051
KBIMP-_005_A8,O. Colman/D.Nowosad,August 1-August 7 2024,Canada,Nunavut,Kitikmeot,,Creek by Long Pt beach,69.158448,-105.19093,,,,,,,,,,Malaise Trap,,,CBAY0051
KBIMP-_005_A9,O. Colman/D.Nowosad,August 1-August 7 2024,Canada,Nunavut,Kitikmeot,,Creek by Long Pt beach,69.158448,-105.19093,,,,,,,,,,Malaise Trap,,,CBAY0051
KBIMP-_005_A10,O. Colman/D.Nowosad,August 1-August 7 2024,Canada,Nunavut,Kitikmeot,,Creek by Long Pt beach,69.158448,-105.19093,,,,,,,,,,Malaise Trap,,,CBAY0051
KBIMP-_005_A11,O. Colman/D.Nowosad,August 1-August 7 2024,Canada,Nunavut,Kitikmeot,,Creek by Long Pt beach,69.158448,-105.19093,,,,,,,,,,Malaise Trap,,,CBAY0051
KBIMP-_005_A12,O. Colman/D.Nowosad,August 1-August 7 2024,Canada,Nunavut,Kitikmeot,,Creek by Long Pt beach,69.158448,-105.19093,,,,,,,,,,Malaise Trap,,,CBAY0051
KBIMP-_005_B1,O. Colman/D.Nowosad,August 1-August 7 2024,Canada,Nunavut,Kitikmeot,,Creek by Long Pt beach,69.158448,-105.19093,,,,,,,,,,Malaise Trap,,,CBAY0051
KBIMP-_005_B2,O. Colman/D.Nowosad,August 1-August 7 2024,Canada,Nunavut,Kitikmeot,,Creek by Long Pt beach,69.158448,-105.19093,,,,,,,,,,Malaise Trap,,,CBAY0051
KBIMP-_005_B3,O. Colman/D.Nowosad,August 1-August 7 2024,Canada,Nunavut,Kitikmeot,,Creek by Long Pt beach,69.158448,-105.19093,,,,,,,,,,Malaise Trap,,,CBAY0051
KBIMP-_005_B4,D. Nowosad,August 5 2024,Canada,Nunavut,Kitikmeot,,Freshwater river Pelly Rd,69.14305556,-104.9475,,,,,,,,,,Sweep net,,,CBAY0071
KBIMP-_005_B5,D. Nowosad,August 5 2024,Canada,Nunavut,Kitikmeot,,Freshwater river Pelly Rd,69.14305556,-104.9475,,,,,,,,,,Sweep net,,,CBAY0071
KBIMP-_005_B6,D. Nowosad,August 5 2024,Canada,Nunavut,Kitikmeot,,Freshwater river Pelly Rd,69.14305556,-104.9475,,,,,,,,,,Sweep net,,,CBAY0071
KBIMP-_005_B7,D. Nowosad,August 5 2024,Canada,Nunavut,Kitikmeot,,Freshwater river Pelly Rd,69.14305556,-104.9475,,,,,,,,,,Sweep net,,,CBAY0071
KBIMP-_005_B8,D. Nowosad,August 5 2024,Canada,Nunavut,Kitikmeot,,Freshwater river Pelly Rd,69.14305556,-104.9475,,,,,,,,,,Sweep net,,,CBAY0071
KBIMP-_005_B9,D. Nowosad,August 5 2024,Canada,Nunavut,Kitikmeot,,Freshwater river Pelly Rd,69.14305556,-104.9475,,,,,,,,,,Sweep net,,,CBAY0071
KBIMP-_005_B10,D. Nowosad,August 5 2024,Canada,Nunavut,Kitikmeot,,Freshwater river Pelly Rd,69.14305556,-104.9475,,,,,,,,,,Sweep net,,,CBAY0071
KBIMP-_005_B11,D. Nowosad,August 5 2024,Canada,Nunavut,Kitikmeot,,Freshwater river Pelly Rd,69.14305556,-104.9475,,,,,,,,,,Sweep net,,,CBAY0071
KBIMP-_005_B12,D. Nowosad,August 5 2024,Canada,Nunavut,Kitikmeot,,Freshwater river Pelly Rd,69.14305556,-104.9475,,,,,,,,,,Sweep net,,,CBAY0071
KBIMP-_005_C1,D. Nowosad,July 28 2024,Canada,Nunavut,Kitikmeot,,Inland area,69.134216,-104.989923,,,,,,,,,,Sweep net,,,CBAY0033
KBIMP-_005_C2,D. Nowosad,July 28 2024,Canada,Nunavut,Kitikmeot,,Inland area,69.134216,-104.989923,,,,,,,,,,Sweep net,,,CBAY0033
KBIMP-_005_C3,D. Nowosad,July 28 2024,Canada,Nunavut,Kitikmeot,,Inland area,69.134216,-104.989923,,,,,,,,,,Sweep net,,,CBAY0033
KBIMP-_005_C4,D. Nowosad,July 28 2024,Canada,Nunavut,Kitikmeot,,Inland area,69.134216,-104.989923,,,,,,,,,,Sweep net,,,CBAY0033
KBIMP-_005_C5,D. Nowosad,July 28 2024,Canada,Nunavut,Kitikmeot,,Inland area,69.134216,-104.989923,,,,,,,,,,Sweep net,,,CBAY0033
KBIMP-_005_C6,D. Nowosad,July 28 2024,Canada,Nunavut,Kitikmeot,,Inland area,69.134216,-104.989923,,,,,,,,,,Sweep net,,,CBAY0033
KBIMP-_005_C7,D. Nowosad,July 28 2024,Canada,Nunavut,Kitikmeot,,Inland area,69.134216,-104.989923,,,,,,,,,,Sweep net,,,CBAY0033
KBIMP-_005_C8,D. Nowosad,July 28 2024,Canada,Nunavut,Kitikmeot,,Inland area,69.134216,-104.989923,,,,,,,,,,Sweep net,,,CBAY0033
KBIMP-_005_C9,D. Nowosad,July 28 2024,Canada,Nunavut,Kitikmeot,,Inland area,69.134216,-104.989923,,,,,,,,,,Sweep net,,,CBAY0033
KBIMP-_005_C10,D. Nowosad,July 28 2024,Canada,Nunavut,Kitikmeot,,Inland area,69.134216,-104.989923,,,,,,,,,,Sweep net,,,CBAY0033
KBIMP-_005_C11,D. Nowosad,July 28 2024,Canada,Nunavut,Kitikmeot,,Inland area,69.134216,-104.989923,,,,,,,,,,Sweep net,,,CBAY0033
KBIMP-_005_C12,D. Nowosad,June 17 2024,Canada,Nunavut,Kitikmeot,,Kitigak River,69.20525,-104.78947,,,,,,,,,,Malaise Trap,,,CBAY0006
KBIMP-_005_D1,O. Colman,Aug 2 2024,Canada,Nunavut,Kitikmeot,,S of pelly Rd near swimming hole ,69.128939,-104.99419,,,,,,,,,,Sweep net ,,,CBAY0035
KBIMP-_005_D2,O. Colman,Aug 2 2024,Canada,Nunavut,Kitikmeot,,S of pelly Rd near swimming hole ,69.128939,-104.99419,,,,,,,,,,Sweep net ,,,CBAY0035
KBIMP-_005_D3,O. Colman,Aug 2 2024,Canada,Nunavut,Kitikmeot,,S of pelly Rd near swimming hole ,69.128939,-104.99419,,,,,,,,,,Sweep net ,,,CBAY0035
KBIMP-_005_D4,O. Colman,Aug 2 2024,Canada,Nunavut,Kitikmeot,,S of pelly Rd near swimming hole ,69.128939,-104.99419,,,,,,,,,,Sweep net ,,,CBAY0035
KBIMP-_005_D5,O. Colman,Aug 2 2024,Canada,Nunavut,Kitikmeot,,S of pelly Rd near swimming hole ,69.128939,-104.99419,,,,,,,,,,Sweep net ,,,CBAY0035
KBIMP-_005_D6,O. Colman,Aug 2 2024,Canada,Nunavut,Kitikmeot,,S of pelly Rd near swimming hole ,69.128939,-104.99419,,,,,,,,,,Sweep net ,,,CBAY0035
KBIMP-_005_D7,O. Colman,Aug 2 2024,Canada,Nunavut,Kitikmeot,,S of pelly Rd near swimming hole ,69.128939,-104.99419,,,,,,,,,,Sweep net ,,,CBAY0035
KBIMP-_005_D8,O. Colman,Aug 2 2024,Canada,Nunavut,Kitikmeot,,S of pelly Rd near swimming hole ,69.128939,-104.99419,,,,,,,,,,Sweep net ,,,CBAY0035
KBIMP-_005_D9,O. Colman,Aug 2 2024,Canada,Nunavut,Kitikmeot,,S of pelly Rd near swimming hole ,69.128939,-104.99419,,,,,,,,,,Sweep net ,,,CBAY0035
KBIMP-_005_D10,O. Colman,Aug 2 2024,Canada,Nunavut,Kitikmeot,,S of pelly Rd near swimming hole ,69.128939,-104.99419,,,,,,,,,,Sweep net ,,,CBAY0035
KBIMP-_005_D11,O. Colman,Aug 2 2024,Canada,Nunavut,Kitikmeot,,S of pelly Rd near swimming hole ,69.128939,-104.99419,,,,,,,,,,Sweep net ,,,CBAY0035
KBIMP-_005_D12,O. Colman,Aug 2 2024,Canada,Nunavut,Kitikmeot,,S of pelly Rd near swimming hole ,69.128939,-104.99419,,,,,,,,,,Sweep net ,,,CBAY0035
KBIMP-_005_E1,O. Colman,Aug 2 2024,Canada,Nunavut,Kitikmeot,,S of pelly Rd near swimming hole ,69.128939,-104.99419,,,,,,,,,,Sweep net ,,,CBAY0035
KBIMP-_005_E2,O. Colman,Aug 2 2024,Canada,Nunavut,Kitikmeot,,S of pelly Rd near swimming hole ,69.128939,-104.99419,,,,,,,,,,Sweep net ,,,CBAY0035
KBIMP-_005_E3,O. Colman,Aug 2 2024,Canada,Nunavut,Kitikmeot,,S of pelly Rd near swimming hole ,69.128939,-104.99419,,,,,,,,,,Sweep net ,,,CBAY0035
KBIMP-_005_E4,O. Colman,Aug 2 2024,Canada,Nunavut,Kitikmeot,,S of pelly Rd near swimming hole ,69.128939,-104.99419,,,,,,,,,,Sweep net ,,,CBAY0035
KBIMP-_005_E5,O. Colman,Aug 2 2024,Canada,Nunavut,Kitikmeot,,S of pelly Rd near swimming hole ,69.128939,-104.99419,,,,,,,,,,Sweep net ,,,CBAY0035
KBIMP-_005_E6,O. Colman,Aug 2 2024,Canada,Nunavut,Kitikmeot,,S of pelly Rd near swimming hole ,69.128939,-104.99419,,,,,,,,,,Sweep net ,,,CBAY0035
KBIMP-_005_E7,O. Colman,Aug 2 2024,Canada,Nunavut,Kitikmeot,,S of pelly Rd near swimming hole ,69.128939,-104.99419,,,,,,,,,,Sweep net ,,,CBAY0035
KBIMP-_005_E8,D. Nowosad,July 21 -July 29 2024,Canada,Nunavut,Kitikmeot,,Stream into Grenier Lake,69.20535,-104.77646,,,,,,,,,,Malaise Trap,,,CBAY0048
KBIMP-_005_E9,D. Nowosad,July 21 -July 29 2024,Canada,Nunavut,Kitikmeot,,Stream into Grenier Lake,69.20535,-104.77646,,,,,,,,,,Malaise Trap,,,CBAY0048
KBIMP-_005_E10,D. Nowosad,July 21 -July 29 2024,Canada,Nunavut,Kitikmeot,,Stream into Grenier Lake,69.20535,-104.77646,,,,,,,,,,Malaise Trap,,,CBAY0048
KBIMP-_005_E11,D. Nowosad,July 21 -July 29 2024,Canada,Nunavut,Kitikmeot,,Stream into Grenier Lake,69.20535,-104.77646,,,,,,,,,,Malaise Trap,,,CBAY0048
KBIMP-_005_E12,D. Nowosad,July 21 -July 29 2024,Canada,Nunavut,Kitikmeot,,Stream into Grenier Lake,69.20535,-104.77646,,,,,,,,,,Malaise Trap,,,CBAY0048
KBIMP-_005_F1,D. Nowosad,July 21 -July 29 2024,Canada,Nunavut,Kitikmeot,,Stream into Grenier Lake,69.20535,-104.77646,,,,,,,,,,Malaise Trap,,,CBAY0048
KBIMP-_005_F2,D. Nowosad,July 21 -July 29 2024,Canada,Nunavut,Kitikmeot,,Stream into Grenier Lake,69.20535,-104.77646,,,,,,,,,,Malaise Trap,,,CBAY0048
KBIMP-_005_F3,D. Nowosad,July 21 -July 29 2024,Canada,Nunavut,Kitikmeot,,Stream into Grenier Lake,69.20535,-104.77646,,,,,,,,,,Malaise Trap,,,CBAY0048
KBIMP-_005_F4,D. Nowosad,July 21 -July 29 2024,Canada,Nunavut,Kitikmeot,,Stream into Grenier Lake,69.20535,-104.77646,,,,,,,,,,Malaise Trap,,,CBAY0048
KBIMP-_005_F5,D. Nowosad,July 21 -July 29 2024,Canada,Nunavut,Kitikmeot,,Stream into Grenier Lake,69.20535,-104.77646,,,,,,,,,,Malaise Trap,,,CBAY0048
KBIMP-_005_F6,D. Nowosad,July 21 -July 29 2024,Canada,Nunavut,Kitikmeot,,Stream into Grenier Lake,69.20535,-104.77646,,,,,,,,,,Malaise Trap,,,CBAY0048
KBIMP-_005_F7,D. Nowosad and O. Colman,July 25-August 1 2024,Canada,Nunavut,Kitikmeot,,DEW Line Road ,69.132477,-104.988683,,,,,,,,,,Malaise Trap,,,CBAY0027
KBIMP-_005_F8,D. Nowosad and O. Colman,July 25-August 1 2024,Canada,Nunavut,Kitikmeot,,DEW Line Road ,69.132477,-104.988683,,,,,,,,,,Malaise Trap,,,CBAY0027
KBIMP-_005_F9,D. Nowosad and O. Colman,July 25-August 1 2024,Canada,Nunavut,Kitikmeot,,DEW Line Road ,69.132477,-104.988683,,,,,,,,,,Malaise Trap,,,CBAY0027
KBIMP-_005_F10,D. Nowosad and O. Colman,July 25-August 1 2024,Canada,Nunavut,Kitikmeot,,DEW Line Road ,69.132477,-104.988683,,,,,,,,,,Malaise Trap,,,CBAY0027
KBIMP-_005_F11,D. Nowosad and O. Colman,July 25-August 1 2024,Canada,Nunavut,Kitikmeot,,DEW Line Road ,69.132477,-104.988683,,,,,,,,,,Malaise Trap,,,CBAY0027
KBIMP-_005_F12,D. Nowosad and O. Colman,July 25-August 1 2024,Canada,Nunavut,Kitikmeot,,DEW Line Road ,69.132477,-104.988683,,,,,,,,,,Malaise Trap,,,CBAY0027
KBIMP-_005_G1,D. Nowosad and O. Colman,July 25-August 1 2024,Canada,Nunavut,Kitikmeot,,DEW Line Road ,69.132477,-104.988683,,,,,,,,,,Malaise Trap,,,CBAY0027
KBIMP-_005_G2,D. Nowosad and O. Colman,July 25-August 1 2024,Canada,Nunavut,Kitikmeot,,DEW Line Road ,69.132477,-104.988683,,,,,,,,,,Malaise Trap,,,CBAY0027
KBIMP-_005_G3,D. Nowosad and O. Colman,July 25-August 1 2024,Canada,Nunavut,Kitikmeot,,DEW Line Road ,69.132477,-104.988683,,,,,,,,,,Malaise Trap,,,CBAY0027
KBIMP-_005_G4,D. Nowosad and O. Colman,July 25-August 1 2024,Canada,Nunavut,Kitikmeot,,DEW Line Road ,69.132477,-104.988683,,,,,,,,,,Malaise Trap,,,CBAY0027
KBIMP-_005_G5,D. Nowosad and O. Colman,July 25-August 1 2024,Canada,Nunavut,Kitikmeot,,DEW Line Road ,69.132477,-104.988683,,,,,,,,,,Malaise Trap,,,CBAY0027
KBIMP-_005_G6,D. Nowosad and O. Colman,July 25-August 1 2024,Canada,Nunavut,Kitikmeot,,DEW Line Road ,69.132477,-104.988683,,,,,,,,,,Malaise Trap,,,CBAY0027
KBIMP-_005_G7,D. Nowosad and O. Colman,July 25-August 1 2024,Canada,Nunavut,Kitikmeot,,DEW Line Road ,69.132477,-104.988683,,,,,,,,,,Malaise Trap,,,CBAY0027
KBIMP-_005_G8,D. Nowosad and O. Colman,July 25-August 1 2024,Canada,Nunavut,Kitikmeot,,DEW Line Road ,69.132477,-104.988683,,,,,,,,,,Malaise Trap,,,CBAY0027
KBIMP-_005_G9,D. Nowosad and O. Colman,July 25-August 1 2024,Canada,Nunavut,Kitikmeot,,DEW Line Road ,69.132477,-104.988683,,,,,,,,,,Malaise Trap,,,CBAY0027
KBIMP-_005_G10,D. Nowosad and O. Colman,July 25-August 1 2024,Canada,Nunavut,Kitikmeot,,DEW Line Road ,69.132477,-104.988683,,,,,,,,,,Malaise Trap,,,CBAY0027
KBIMP-_005_G11,D. Nowosad and O. Colman,July 25-August 1 2024,Canada,Nunavut,Kitikmeot,,DEW Line Road ,69.132477,-104.988683,,,,,,,,,,Malaise Trap,,,CBAY0027
KBIMP-_005_G12,D. Nowosad and O. Colman,July 25-August 1 2024,Canada,Nunavut,Kitikmeot,,DEW Line Road ,69.132477,-104.988683,,,,,,,,,,Malaise Trap,,,CBAY0027
KBIMP-_005_H1,D. Nowosad and O. Colman,July 25-August 1 2024,Canada,Nunavut,Kitikmeot,,DEW Line Road ,69.132477,-104.988683,,,,,,,,,,Malaise Trap,,,CBAY0027
KBIMP-_005_H2,D. Nowosad and O. Colman,July 25-August 1 2024,Canada,Nunavut,Kitikmeot,,DEW Line Road ,69.132477,-104.988683,,,,,,,,,,Malaise Trap,,,CBAY0027
KBIMP-_005_H3,D. Nowosad and O. Colman,July 29 - August 5 2024,Canada,Nunavut,Kitikmeot,,Creek south of Pelly Rd,69.128611,-104.987222,,,,,,,,,,Malaise Trap,,,CBAY0034
KBIMP-_005_H4,D. Nowosad and O. Colman,July 29 - August 5 2024,Canada,Nunavut,Kitikmeot,,Creek south of Pelly Rd,69.128611,-104.987222,,,,,,,,,,Malaise Trap,,,CBAY0034
KBIMP-_005_H5,D. Nowosad and O. Colman,July 29 - August 5 2024,Canada,Nunavut,Kitikmeot,,Creek south of Pelly Rd,69.128611,-104.987222,,,,,,,,,,Malaise Trap,,,CBAY0034
KBIMP-_005_H6,D. Nowosad and O. Colman,July 29 - August 5 2024,Canada,Nunavut,Kitikmeot,,Creek south of Pelly Rd,69.128611,-104.987222,,,,,,,,,,Malaise Trap,,,CBAY0034
KBIMP-_005_H7,D. Nowosad and O. Colman,July 29 - August 5 2024,Canada,Nunavut,Kitikmeot,,Creek south of Pelly Rd,69.128611,-104.987222,,,,,,,,,,Malaise Trap,,,CBAY0034
KBIMP-_005_H8,D. Nowosad and O. Colman,July 29 - August 5 2024,Canada,Nunavut,Kitikmeot,,Creek south of Pelly Rd,69.128611,-104.987222,,,,,,,,,,Malaise Trap,,,CBAY0034
KBIMP-_005_H9,D. Nowosad and O. Colman,July 29 - August 5 2024,Canada,Nunavut,Kitikmeot,,Creek south of Pelly Rd,69.128611,-104.987222,,,,,,,,,,Malaise Trap,,,CBAY0034
KBIMP-_005_H10,D. Nowosad and O. Colman,July 29 - August 5 2024,Canada,Nunavut,Kitikmeot,,Creek south of Pelly Rd,69.128611,-104.987222,,,,,,,,,,Malaise Trap,,,CBAY0034
KBIMP-_005_H11,D. Nowosad and O. Colman,July 29 - August 5 2024,Canada,Nunavut,Kitikmeot,,Creek south of Pelly Rd,69.128611,-104.987222,,,,,,,,,,Malaise Trap,,,CBAY0034
KBIMP-_006_A1,D. Nowosad and O. Colman,July 29 - August 5 2024,Canada,Nunavut,Kitikmeot,,Creek south of Pelly Rd,69.128611,-104.987222,,,,,,,,,,Malaise Trap,,,CBAY0034
KBIMP-_006_A2,D. Nowosad and O. Colman,July 29 - August 5 2024,Canada,Nunavut,Kitikmeot,,Creek south of Pelly Rd,69.128611,-104.987222,,,,,,,,,,Malaise Trap,,,CBAY0034
KBIMP-_006_A3,D. Nowosad and O. Colman,July 29 - August 5 2024,Canada,Nunavut,Kitikmeot,,Creek south of Pelly Rd,69.128611,-104.987222,,,,,,,,,,Malaise Trap,,,CBAY0034
KBIMP-_006_A4,D. Nowosad and O. Colman,July 29 - August 5 2024,Canada,Nunavut,Kitikmeot,,Creek south of Pelly Rd,69.128611,-104.987222,,,,,,,,,,Malaise Trap,,,CBAY0034
KBIMP-_006_A5,D. Nowosad and O. Colman,July 29 - August 5 2024,Canada,Nunavut,Kitikmeot,,Creek south of Pelly Rd,69.128611,-104.987222,,,,,,,,,,Malaise Trap,,,CBAY0034
KBIMP-_006_A6,D. Nowosad and O. Colman,July 29 - August 5 2024,Canada,Nunavut,Kitikmeot,,Creek south of Pelly Rd,69.128611,-104.987222,,,,,,,,,,Malaise Trap,,,CBAY0034
KBIMP-_006_A7,D. Nowosad and O. Colman,July 29 - August 5 2024,Canada,Nunavut,Kitikmeot,,Creek south of Pelly Rd,69.128611,-104.987222,,,,,,,,,,Malaise Trap,,,CBAY0034
KBIMP-_006_A8,D. Nowosad and O. Colman,July 29 - August 5 2024,Canada,Nunavut,Kitikmeot,,Creek south of Pelly Rd,69.128611,-104.987222,,,,,,,,,,Malaise Trap,,,CBAY0034
KBIMP-_006_A9,D. Nowosad and O. Colman,July 29 - August 5 2024,Canada,Nunavut,Kitikmeot,,Creek south of Pelly Rd,69.128611,-104.987222,,,,,,,,,,Malaise Trap,,,CBAY0034
KBIMP-_006_A10,D. Nowosad and O. Colman,July 29 - August 5 2024,Canada,Nunavut,Kitikmeot,,Creek south of Pelly Rd,69.128611,-104.987222,,,,,,,,,,Malaise Trap,,,CBAY0034
KBIMP-_006_A11,D. Nowosad and O. Colman,July 29 - August 5 2024,Canada,Nunavut,Kitikmeot,,Creek south of Pelly Rd,69.128611,-104.987222,,,,,,,,,,Malaise Trap,,,CBAY0034
KBIMP-_006_A12,D. Nowosad,July 21 - July 29 ,Canada,Nunavut,Kitikmeot,,Creek south of Pelly Rd,69.12861,-104.98722,,,,,,,,,,Malaise Trap,,,CBAY0043
KBIMP-_006_B1,D. Nowosad,July 21 - July 29 ,Canada,Nunavut,Kitikmeot,,Creek south of Pelly Rd,69.12861,-104.98722,,,,,,,,,,Malaise Trap,,,CBAY0043
KBIMP-_006_B2,D. Nowosad,July 21 - July 29 ,Canada,Nunavut,Kitikmeot,,Creek south of Pelly Rd,69.12861,-104.98722,,,,,,,,,,Malaise Trap,,,CBAY0043
KBIMP-_006_B3,D. Nowosad,July 21 - July 29 ,Canada,Nunavut,Kitikmeot,,Creek south of Pelly Rd,69.12861,-104.98722,,,,,,,,,,Malaise Trap,,,CBAY0043
KBIMP-_006_B4,D. Nowosad,July 21 - July 29 ,Canada,Nunavut,Kitikmeot,,Creek south of Pelly Rd,69.12861,-104.98722,,,,,,,,,,Malaise Trap,,,CBAY0043
KBIMP-_006_B5,D. Nowosad,July 21 - July 29 ,Canada,Nunavut,Kitikmeot,,Creek south of Pelly Rd,69.12861,-104.98722,,,,,,,,,,Malaise Trap,,,CBAY0043
KBIMP-_006_B6,D. Nowosad,July 21 - July 29 ,Canada,Nunavut,Kitikmeot,,Creek south of Pelly Rd,69.12861,-104.98722,,,,,,,,,,Malaise Trap,,,CBAY0043
KBIMP-_006_B7,D. Nowosad,July 21 - July 29 ,Canada,Nunavut,Kitikmeot,,Creek south of Pelly Rd,69.12861,-104.98722,,,,,,,,,,Malaise Trap,,,CBAY0043
KBIMP-_006_B8,D. Nowosad,July 21 - July 29 ,Canada,Nunavut,Kitikmeot,,Creek south of Pelly Rd,69.12861,-104.98722,,,,,,,,,,Malaise Trap,,,CBAY0043
KBIMP-_006_B9,D. Nowosad,July 21 - July 29 ,Canada,Nunavut,Kitikmeot,,Creek south of Pelly Rd,69.12861,-104.98722,,,,,,,,,,Malaise Trap,,,CBAY0043
KBIMP-_006_B10,D. Nowosad,July 21 - July 29 ,Canada,Nunavut,Kitikmeot,,Creek south of Pelly Rd,69.12861,-104.98722,,,,,,,,,,Malaise Trap,,,CBAY0043
KBIMP-_006_B11,D. Nowosad,July 21 - July 29 ,Canada,Nunavut,Kitikmeot,,Creek south of Pelly Rd,69.12861,-104.98722,,,,,,,,,,Malaise Trap,,,CBAY0043
KBIMP-_006_B12,D. Nowosad,July 21 - July 29 ,Canada,Nunavut,Kitikmeot,,Creek south of Pelly Rd,69.12861,-104.98722,,,,,,,,,,Malaise Trap,,,CBAY0043
KBIMP-_006_C1,D. Nowosad,July 21 - July 29 ,Canada,Nunavut,Kitikmeot,,Creek south of Pelly Rd,69.12861,-104.98722,,,,,,,,,,Malaise Trap,,,CBAY0043
KBIMP-_006_C2,D. Nowosad,July 21 - July 29 ,Canada,Nunavut,Kitikmeot,,Creek south of Pelly Rd,69.12861,-104.98722,,,,,,,,,,Malaise Trap,,,CBAY0043
KBIMP-_006_C3,D. Nowosad,July 21 - July 29 ,Canada,Nunavut,Kitikmeot,,Creek south of Pelly Rd,69.12861,-104.98722,,,,,,,,,,Malaise Trap,,,CBAY0043
KBIMP-_006_C4,D. Nowosad,July 21 - July 29 ,Canada,Nunavut,Kitikmeot,,Creek south of Pelly Rd,69.12861,-104.98722,,,,,,,,,,Malaise Trap,,,CBAY0043
KBIMP-_006_C5,D. Nowosad,July 21 - July 29 ,Canada,Nunavut,Kitikmeot,,Creek south of Pelly Rd,69.12861,-104.98722,,,,,,,,,,Malaise Trap,,,CBAY0043
KBIMP-_006_C6,D. Nowosad,July 21 - July 29 ,Canada,Nunavut,Kitikmeot,,Creek south of Pelly Rd,69.12861,-104.98722,,,,,,,,,,Malaise Trap,,,CBAY0043
KBIMP-_006_C7,D. Nowosad,July 21 - July 29 ,Canada,Nunavut,Kitikmeot,,Creek south of Pelly Rd,69.12861,-104.98722,,,,,,,,,,Malaise Trap,,,CBAY0043
KBIMP-_006_C8,O. Colman,02-Aug,Canada,Nunavut,Kitikmeot,,Freshwater river,69.14312,-104.941323,,,,,,,,,,Sweep net,,,CBAY0055
KBIMP-_006_C9,O. Colman,02-Aug,Canada,Nunavut,Kitikmeot,,Freshwater river,69.14312,-104.941323,,,,,,,,,,Sweep net,,,CBAY0055
KBIMP-_006_C10,O. Colman,02-Aug,Canada,Nunavut,Kitikmeot,,Freshwater river,69.14312,-104.941323,,,,,,,,,,Sweep net,,,CBAY0055
KBIMP-_006_C11,O. Colman,02-Aug,Canada,Nunavut,Kitikmeot,,Freshwater river,69.14312,-104.941323,,,,,,,,,,Sweep net,,,CBAY0055
KBIMP-_006_C12,O. Colman,02-Aug,Canada,Nunavut,Kitikmeot,,Freshwater river,69.14312,-104.941323,,,,,,,,,,Sweep net,,,CBAY0055
KBIMP-_006_D1,O. Colman,02-Aug,Canada,Nunavut,Kitikmeot,,Freshwater river,69.14312,-104.941323,,,,,,,,,,Sweep net,,,CBAY0055
KBIMP-_006_D2,O. Colman,02-Aug,Canada,Nunavut,Kitikmeot,,Freshwater river,69.14312,-104.941323,,,,,,,,,,Sweep net,,,CBAY0055
KBIMP-_006_D3,O. Colman,02-Aug,Canada,Nunavut,Kitikmeot,,Freshwater river,69.14312,-104.941323,,,,,,,,,,Sweep net,,,CBAY0055
KBIMP-_006_D4,O. Colman,02-Aug,Canada,Nunavut,Kitikmeot,,Freshwater river,69.14312,-104.941323,,,,,,,,,,Sweep net,,,CBAY0055
KBIMP-_006_D5,O. Colman,02-Aug,Canada,Nunavut,Kitikmeot,,Freshwater river,69.14312,-104.941323,,,,,,,,,,Sweep net,,,CBAY0055
KBIMP-_006_D6,O. Colman,02-Aug,Canada,Nunavut,Kitikmeot,,Freshwater river,69.14312,-104.941323,,,,,,,,,,Sweep net,,,CBAY0055
KBIMP-_006_D7,O. Colman,July 28 2024,Canada,Nunavut,Kitikmeot,,DEW Line Rd,69.11926,-105.127426,,,,,,,,,,Sweep net,,,CBAY0032
KBIMP-_006_D8,O. Colman,July 28 2024,Canada,Nunavut,Kitikmeot,,DEW Line Rd,69.11926,-105.127426,,,,,,,,,,Sweep net,,,CBAY0032
KBIMP-_006_D9,O. Colman,July 28 2024,Canada,Nunavut,Kitikmeot,,DEW Line Rd,69.11926,-105.127426,,,,,,,,,,Sweep net,,,CBAY0032
KBIMP-_006_D10,O. Colman,July 28 2024,Canada,Nunavut,Kitikmeot,,DEW Line Rd,69.11926,-105.127426,,,,,,,,,,Sweep net,,,CBAY0032
KBIMP-_006_D11,O. Colman,July 28 2024,Canada,Nunavut,Kitikmeot,,DEW Line Rd,69.11926,-105.127426,,,,,,,,,,Sweep net,,,CBAY0032
KBIMP-_006_D12,O. Colman,July 28 2024,Canada,Nunavut,Kitikmeot,,DEW Line Rd,69.11926,-105.127426,,,,,,,,,,Sweep net,,,CBAY0032
KBIMP-_006_E1,O. Colman,July 28 2024,Canada,Nunavut,Kitikmeot,,DEW Line Rd,69.11926,-105.127426,,,,,,,,,,Sweep net,,,CBAY0032
KBIMP-_006_E2,O. Colman,July 28 2024,Canada,Nunavut,Kitikmeot,,DEW Line Rd,69.11926,-105.127426,,,,,,,,,,Sweep net,,,CBAY0032
KBIMP-_006_E3,O. Colman,July 28 2024,Canada,Nunavut,Kitikmeot,,DEW Line Rd,69.11926,-105.127426,,,,,,,,,,Sweep net,,,CBAY0032
KBIMP-_006_E4,O. Colman,July 28 2024,Canada,Nunavut,Kitikmeot,,DEW Line Rd,69.11926,-105.127426,,,,,,,,,,Sweep net,,,CBAY0032
KBIMP-_006_E5,O. Colman,July 28 2024,Canada,Nunavut,Kitikmeot,,DEW Line Rd,69.11926,-105.127426,,,,,,,,,,Sweep net,,,CBAY0032
KBIMP-_006_E6,O. Colman,July 28 2024,Canada,Nunavut,Kitikmeot,,DEW Line Rd,69.11926,-105.127426,,,,,,,,,,Sweep net,,,CBAY0032
KBIMP-_006_E7,O. Colman,July 28 2024,Canada,Nunavut,Kitikmeot,,DEW Line Rd,69.11926,-105.127426,,,,,,,,,,Sweep net,,,CBAY0032
KBIMP-_006_E8,O. Colman,July 28 2024,Canada,Nunavut,Kitikmeot,,DEW Line Rd,69.11926,-105.127426,,,,,,,,,,Sweep net,,,CBAY0032
KBIMP-_006_E9,O. Colman,July 28 2024,Canada,Nunavut,Kitikmeot,,DEW Line Rd,69.11926,-105.127426,,,,,,,,,,Sweep net,,,CBAY0032
KBIMP-_006_E10,O. Colman,July 28 2024,Canada,Nunavut,Kitikmeot,,DEW Line Rd,69.11926,-105.127426,,,,,,,,,,Sweep net,,,CBAY0032
KBIMP-_006_E11,O. Colman,July 28 2024,Canada,Nunavut,Kitikmeot,,DEW Line Rd,69.11926,-105.127426,,,,,,,,,,Sweep net,,,CBAY0032
KBIMP-_006_E12,O. Colman,July 28 2024,Canada,Nunavut,Kitikmeot,,DEW Line Rd,69.11926,-105.127426,,,,,,,,,,Sweep net,,,CBAY0032
KBIMP-_006_F1,O. Colman,July 28 2024,Canada,Nunavut,Kitikmeot,,DEW Line Rd,69.11926,-105.127426,,,,,,,,,,Sweep net,,,CBAY0032
KBIMP-_006_F2,O. Colman,July 28 2024,Canada,Nunavut,Kitikmeot,,DEW Line Rd,69.11926,-105.127426,,,,,,,,,,Sweep net,,,CBAY0032
KBIMP-_006_F3,D. Nowosad/O.Colman,July 29 - August 5 2024,Canada,Nunavut,Kitikmeot,,Between 1st lake and Grenier,69.20535,-104.17646,,,,,,,,,,Malaise Trap,,,CBAY0042
KBIMP-_006_F4,D. Nowosad/O.Colman,July 29 - August 5 2024,Canada,Nunavut,Kitikmeot,,Between 1st lake and Grenier,69.20535,-104.17646,,,,,,,,,,Malaise Trap,,,CBAY0042
KBIMP-_006_F5,D. Nowosad/O.Colman,July 29 - August 5 2024,Canada,Nunavut,Kitikmeot,,Between 1st lake and Grenier,69.20535,-104.17646,,,,,,,,,,Malaise Trap,,,CBAY0042
KBIMP-_006_F6,D. Nowosad/O.Colman,July 29 - August 5 2024,Canada,Nunavut,Kitikmeot,,Between 1st lake and Grenier,69.20535,-104.17646,,,,,,,,,,Malaise Trap,,,CBAY0042
KBIMP-_006_F7,D. Nowosad/O.Colman,July 29 - August 5 2024,Canada,Nunavut,Kitikmeot,,Between 1st lake and Grenier,69.20535,-104.17646,,,,,,,,,,Malaise Trap,,,CBAY0042
KBIMP-_006_F8,D. Nowosad/O.Colman,July 29 - August 5 2024,Canada,Nunavut,Kitikmeot,,Between 1st lake and Grenier,69.20535,-104.17646,,,,,,,,,,Malaise Trap,,,CBAY0042
KBIMP-_006_F9,D. Nowosad/O.Colman,July 29 - August 5 2024,Canada,Nunavut,Kitikmeot,,Between 1st lake and Grenier,69.20535,-104.17646,,,,,,,,,,Malaise Trap,,,CBAY0042
KBIMP-_006_F10,D. Nowosad/O.Colman,July 29 - August 5 2024,Canada,Nunavut,Kitikmeot,,Between 1st lake and Grenier,69.20535,-104.17646,,,,,,,,,,Malaise Trap,,,CBAY0042
KBIMP-_006_F11,D. Nowosad/O.Colman,July 29 - August 5 2024,Canada,Nunavut,Kitikmeot,,Between 1st lake and Grenier,69.20535,-104.17646,,,,,,,,,,Malaise Trap,,,CBAY0042
KBIMP-_006_F12,D. Nowosad/O.Colman,July 29 - August 5 2024,Canada,Nunavut,Kitikmeot,,Between 1st lake and Grenier,69.20535,-104.17646,,,,,,,,,,Malaise Trap,,,CBAY0042
KBIMP-_006_G1,O. Colman,02-Aug,Canada,Nunavut,Kitikmeot,,Freshwater river,69.14312,-104.941323,,,,,,,,,,Sweep net,,,CBAY0055
