"Longitude (x)","Latitude (y)","Station Name","Climate ID","Date/Time","Year","Month","Day","Data Quality","Max Temp (°C)","Max Temp Flag","Min Temp (°C)","Min Temp Flag","Mean Temp (°C)","Mean Temp Flag","Heat Deg Days (°C)","Heat Deg Days Flag","Cool Deg Days (°C)","Cool Deg Days Flag","Total Rain (mm)","Total Rain Flag","Total Snow (cm)","Total Snow Flag","Total Precip (mm)","Total Precip Flag","Snow on Grnd (cm)","Snow on Grnd Flag","Dir of Max Gust (10s deg)","Dir of Max Gust Flag","Spd of Max Gust (km/h)","Spd of Max Gust Flag"
"-105.14","69.11","CAMBRIDGE BAY A","2400600","1988-01-01","1988","01","01","","-18.9","","-34.0","","-26.5","","44.5","","0.0","","0.0","","0.2","","0.0","T","22","","1","","52","E"
"-105.14","69.11","CAMBRIDGE BAY A","2400600","1988-01-02","1988","01","02","","-29.0","","-34.4","","-31.7","","49.7","","0.0","","0.0","","0.0","T","0.0","T","22","","35","","70","E"
"-105.14","69.11","CAMBRIDGE BAY A","2400600","1988-01-03","1988","01","03","","-31.1","","-35.7","","-33.4","","51.4","","0.0","","0.0","","0.0","T","0.0","T","22","","33","","59","E"
"-105.14","69.11","CAMBRIDGE BAY A","2400600","1988-01-04","1988","01","04","","-28.2","","-35.7","","-32.0","","50.0","","0.0","","0.0","","0.0","T","0.0","T","22","","","","<31",""
"-105.14","69.11","CAMBRIDGE BAY A","2400600","1988-01-05","1988","01","05","","-16.8","","-28.3","","-22.6","","40.6","","0.0","","0.0","","2.2","","2.0","","22","","33","","41","E"
"-105.14","69.11","CAMBRIDGE BAY A","2400600","1988-01-06","1988","01","06","","-18.2","","-28.4","","-23.3","","41.3","","0.0","","0.0","","0.0","T","0.0","T","23","","34","","52","E"
"-105.14","69.11","CAMBRIDGE BAY A","2400600","1988-01-07","1988","01","07","","-21.5","","-28.8","","-25.2","","43.2","","0.0","","0.0","","0.0","T","0.0","T","23","","27","","54","E"
"-105.14","69.11","CAMBRIDGE BAY A","2400600","1988-01-08","1988","01","08","","-19.9","","-34.0","","-27.0","","45.0","","0.0","","0.0","","0.0","T","0.0","T","23","","2","","65","E"
"-105.14","69.11","CAMBRIDGE BAY A","2400600","1988-01-09","1988","01","09","","-31.0","","-34.7","","-32.9","","50.9","","0.0","","0.0","","0.0","T","0.0","T","21","","33","","78","E"
"-105.14","69.11","CAMBRIDGE BAY A","2400600","1988-01-10","1988","01","10","","-29.3","","-32.0","","-30.7","","48.7","","0.0","","0.0","","0.0","T","0.0","T","21","","1","","59","E"
"-105.14","69.11","CAMBRIDGE BAY A","2400600","1988-01-11","1988","01","11","","-31.4","","-34.6","","-33.0","","51.0","","0.0","","0.0","","0.0","T","0.0","T","21","","3","","43","E"
"-105.14","69.11","CAMBRIDGE BAY A","2400600","1988-01-12","1988","01","12","","-31.8","","-35.4","","-33.6","","51.6","","0.0","","0.0","","0.0","T","0.0","T","21","","","","<31",""
"-105.14","69.11","CAMBRIDGE BAY A","2400600","1988-01-13","1988","01","13","","-26.5","","-36.4","","-31.5","","49.5","","0.0","","0.0","","0.0","T","0.0","T","21","","29","","44","E"
"-105.14","69.11","CAMBRIDGE BAY A","2400600","1988-01-14","1988","01","14","","-23.4","","-30.5","","-27.0","","45.0","","0.0","","0.0","","0.0","T","0.0","T","21","","30","","41","E"
"-105.14","69.11","CAMBRIDGE BAY A","2400600","1988-01-15","1988","01","15","","-29.7","","-36.0","","-32.9","","50.9","","0.0","","0.0","","0.0","T","0.0","T","21","","","","<31",""
"-105.14","69.11","CAMBRIDGE BAY A","2400600","1988-01-16","1988","01","16","","-32.5","","-36.7","","-34.6","","52.6","","0.0","","0.0","","0.0","T","0.0","T","20","","33","","43","E"
"-105.14","69.11","CAMBRIDGE BAY A","2400600","1988-01-17","1988","01","17","","-31.7","","-35.8","","-33.8","","51.8","","0.0","","0.0","","0.0","T","0.0","T","20","","27","","41","E"
"-105.14","69.11","CAMBRIDGE BAY A","2400600","1988-01-18","1988","01","18","","-35.2","","-38.4","","-36.8","","54.8","","0.0","","0.0","","0.0","T","0.0","T","20","","","","<31",""
"-105.14","69.11","CAMBRIDGE BAY A","2400600","1988-01-19","1988","01","19","","-36.6","","-39.0","","-37.8","","55.8","","0.0","","0.0","","0.0","T","0.0","T","20","","","","<31",""
"-105.14","69.11","CAMBRIDGE BAY A","2400600","1988-01-20","1988","01","20","","-36.2","","-38.5","","-37.4","","55.4","","0.0","","0.0","","0.0","T","0.0","T","20","","","","<31",""
"-105.14","69.11","CAMBRIDGE BAY A","2400600","1988-01-21","1988","01","21","","-35.0","","-37.6","","-36.3","","54.3","","0.0","","0.0","","0.0","T","0.0","T","20","","","","<31",""
"-105.14","69.11","CAMBRIDGE BAY A","2400600","1988-01-22","1988","01","22","","-35.0","","-38.4","","-36.7","","54.7","","0.0","","0.0","","0.0","T","0.0","T","20","","","","<31",""
"-105.14","69.11","CAMBRIDGE BAY A","2400600","1988-01-23","1988","01","23","","-32.1","","-39.1","","-35.6","","53.6","","0.0","","0.0","","0.0","T","0.0","T","20","","","","<31",""
"-105.14","69.11","CAMBRIDGE BAY A","2400600","1988-01-24","1988","01","24","","-24.0","","-35.5","","-29.8","","47.8","","0.0","","0.0","","0.0","T","0.0","T","25","","30","","37","E"
"-105.14","69.11","CAMBRIDGE BAY A","2400600","1988-01-25","1988","01","25","","-26.1","","-33.2","","-29.7","","47.7","","0.0","","0.0","","0.0","T","0.0","T","25","","","","<31",""
"-105.14","69.11","CAMBRIDGE BAY A","2400600","1988-01-26","1988","01","26","","-26.4","","-32.3","","-29.4","","47.4","","0.0","","0.0","","0.0","T","0.0","T","25","","","","<31",""
"-105.14","69.11","CAMBRIDGE BAY A","2400600","1988-01-27","1988","01","27","","-25.6","","-35.6","","-30.6","","48.6","","0.0","","0.0","","0.4","","0.4","","25","","29","","37","E"
"-105.14","69.11","CAMBRIDGE BAY A","2400600","1988-01-28","1988","01","28","","-35.4","","-41.2","","-38.3","","56.3","","0.0","","0.0","","0.0","T","0.0","T","25","","35","","52","E"
"-105.14","69.11","CAMBRIDGE BAY A","2400600","1988-01-29","1988","01","29","","-39.6","","-41.3","","-40.5","","58.5","","0.0","","0.0","","0.0","T","0.0","T","25","","33","","33","E"
"-105.14","69.11","CAMBRIDGE BAY A","2400600","1988-01-30","1988","01","30","","-35.1","","-39.9","","-37.5","","55.5","","0.0","","0.0","","0.0","T","0.0","T","25","","31","","33","E"
"-105.14","69.11","CAMBRIDGE BAY A","2400600","1988-01-31","1988","01","31","","-34.4","","-38.5","","-36.5","","54.5","","0.0","","0.0","","0.0","T","0.0","T","25","","29","","33","E"
"-105.14","69.11","CAMBRIDGE BAY A","2400600","1988-02-01","1988","02","01","","-34.4","","-41.2","","-37.8","","55.8","","0.0","","0.0","","0.2","","0.2","","25","","","","<31",""
"-105.14","69.11","CAMBRIDGE BAY A","2400600","1988-02-02","1988","02","02","","-38.1","","-41.5","","-39.8","","57.8","","0.0","","0.0","","0.0","T","0.0","T","23","","","","<31",""
"-105.14","69.11","CAMBRIDGE BAY A","2400600","1988-02-03","1988","02","03","","-30.8","","-40.1","","-35.5","","53.5","","0.0","","0.0","","0.0","T","0.0","T","23","","32","","52","E"
"-105.14","69.11","CAMBRIDGE BAY A","2400600","1988-02-04","1988","02","04","","-24.7","","-34.5","","-29.6","","47.6","","0.0","","0.0","","0.0","T","0.0","T","23","","32","","46","E"
"-105.14","69.11","CAMBRIDGE BAY A","2400600","1988-02-05","1988","02","05","","-23.9","","-33.9","","-28.9","","46.9","","0.0","","0.0","","0.2","","0.2","","23","","36","","43","E"
"-105.14","69.11","CAMBRIDGE BAY A","2400600","1988-02-06","1988","02","06","","-29.6","","-35.0","","-32.3","","50.3","","0.0","","0.0","","0.0","T","0.0","T","23","","35","","33","E"
"-105.14","69.11","CAMBRIDGE BAY A","2400600","1988-02-07","1988","02","07","","-30.0","","-35.4","","-32.7","","50.7","","0.0","","0.0","","0.2","","0.2","","23","","3","","44","E"
"-105.14","69.11","CAMBRIDGE BAY A","2400600","1988-02-08","1988","02","08","","-20.6","","-35.5","","-28.1","","46.1","","0.0","","0.0","","0.0","T","0.0","T","23","","31","","46","E"
"-105.14","69.11","CAMBRIDGE BAY A","2400600","1988-02-09","1988","02","09","","-20.8","","-26.7","","-23.8","","41.8","","0.0","","0.0","","0.0","T","0.0","T","28","","27","","78","E"
"-105.14","69.11","CAMBRIDGE BAY A","2400600","1988-02-10","1988","02","10","","-25.5","","-32.5","","-29.0","","47.0","","0.0","","0.0","","0.0","T","0.0","T","28","","","","<31",""
"-105.14","69.11","CAMBRIDGE BAY A","2400600","1988-02-11","1988","02","11","","-29.4","","-38.1","","-33.8","","51.8","","0.0","","0.0","","0.0","T","0.0","T","28","","31","","43","E"
"-105.14","69.11","CAMBRIDGE BAY A","2400600","1988-02-12","1988","02","12","","-35.4","","-39.8","","-37.6","","55.6","","0.0","","0.0","","0.0","T","0.0","T","28","","28","","65","E"
"-105.14","69.11","CAMBRIDGE BAY A","2400600","1988-02-13","1988","02","13","","-33.3","","-38.4","","-35.9","","53.9","","0.0","","0.0","","0.0","T","0.0","T","28","","31","","59","E"
"-105.14","69.11","CAMBRIDGE BAY A","2400600","1988-02-14","1988","02","14","","-34.4","","-43.0","","-38.7","","56.7","","0.0","","0.0","","0.0","T","0.0","T","28","","","","<31",""
"-105.14","69.11","CAMBRIDGE BAY A","2400600","1988-02-15","1988","02","15","","-33.4","","-43.3","","-38.4","","56.4","","0.0","","0.0","","0.0","T","0.0","T","28","","27","","70","E"
"-105.14","69.11","CAMBRIDGE BAY A","2400600","1988-02-16","1988","02","16","","-28.4","","-43.3","","-35.9","","53.9","","0.0","","0.0","","0.2","","0.2","","24","","27","","78","E"
"-105.14","69.11","CAMBRIDGE BAY A","2400600","1988-02-17","1988","02","17","","-39.7","","-44.0","","-41.9","","59.9","","0.0","","0.0","","0.0","T","0.0","T","24","","32","","37","E"
"-105.14","69.11","CAMBRIDGE BAY A","2400600","1988-02-18","1988","02","18","","-35.6","","-41.7","","-38.7","","56.7","","0.0","","0.0","","0.0","T","0.0","T","24","","35","","44","E"
"-105.14","69.11","CAMBRIDGE BAY A","2400600","1988-02-19","1988","02","19","","-34.0","","-38.4","","-36.2","","54.2","","0.0","","0.0","","0.0","T","0.0","T","24","","33","","43","E"
"-105.14","69.11","CAMBRIDGE BAY A","2400600","1988-02-20","1988","02","20","","-35.1","","-40.0","","-37.6","","55.6","","0.0","","0.0","","0.0","T","0.0","T","24","","","","<31",""
"-105.14","69.11","CAMBRIDGE BAY A","2400600","1988-02-21","1988","02","21","","-27.9","","-38.0","","-33.0","","51.0","","0.0","","0.0","","0.0","T","0.0","T","24","","2","","59","E"
"-105.14","69.11","CAMBRIDGE BAY A","2400600","1988-02-22","1988","02","22","","-23.4","","-29.1","","-26.3","","44.3","","0.0","","0.0","","0.0","T","0.0","T","24","","35","","74","E"
"-105.14","69.11","CAMBRIDGE BAY A","2400600","1988-02-23","1988","02","23","","-25.4","","-33.5","","-29.5","","47.5","","0.0","","0.0","","0.0","T","0.0","T","24","","33","","70","E"
"-105.14","69.11","CAMBRIDGE BAY A","2400600","1988-02-24","1988","02","24","","-32.0","","-37.2","","-34.6","","52.6","","0.0","","0.0","","0.0","T","0.0","T","31","","31","","33","E"
"-105.14","69.11","CAMBRIDGE BAY A","2400600","1988-02-25","1988","02","25","","-30.6","","-37.4","","-34.0","","52.0","","0.0","","0.0","","0.0","T","0.0","T","31","","","","<31",""
"-105.14","69.11","CAMBRIDGE BAY A","2400600","1988-02-26","1988","02","26","","-29.9","","-35.0","","-32.5","","50.5","","0.0","","0.0","","0.0","T","0.0","T","31","","11","","56","E"
"-105.14","69.11","CAMBRIDGE BAY A","2400600","1988-02-27","1988","02","27","","-26.9","","-32.0","","-29.5","","47.5","","0.0","","0.0","","0.0","T","0.0","T","31","","12","","63","E"
"-105.14","69.11","CAMBRIDGE BAY A","2400600","1988-02-28","1988","02","28","","-30.3","","-36.2","","-33.3","","51.3","","0.0","","0.0","","0.0","T","0.0","T","31","","","","<31",""
"-105.14","69.11","CAMBRIDGE BAY A","2400600","1988-02-29","1988","02","29","","-28.4","","-35.6","","-32.0","","50.0","","0.0","","0.0","","0.0","","0.0","","31","","","","<31",""
"-105.14","69.11","CAMBRIDGE BAY A","2400600","1988-03-01","1988","03","01","","-21.2","","-32.2","","-26.7","","44.7","","0.0","","0.0","","0.2","","0.2","","28","","","","<31",""
"-105.14","69.11","CAMBRIDGE BAY A","2400600","1988-03-02","1988","03","02","","-27.8","","-33.5","","-30.7","","48.7","","0.0","","0.0","","0.0","T","0.0","T","28","","","","<31",""
"-105.14","69.11","CAMBRIDGE BAY A","2400600","1988-03-03","1988","03","03","","-23.7","","-32.5","","-28.1","","46.1","","0.0","","0.0","","0.0","T","0.0","T","28","","12","","46","E"
"-105.14","69.11","CAMBRIDGE BAY A","2400600","1988-03-04","1988","03","04","","-18.8","","-24.0","","-21.4","","39.4","","0.0","","0.0","","1.2","","0.4","","28","","","","<31",""
"-105.14","69.11","CAMBRIDGE BAY A","2400600","1988-03-05","1988","03","05","","-18.7","","-25.1","","-21.9","","39.9","","0.0","","0.0","","1.0","","0.0","T","30","","","","<31",""
"-105.14","69.11","CAMBRIDGE BAY A","2400600","1988-03-06","1988","03","06","","-23.7","","-31.5","","-27.6","","45.6","","0.0","","0.0","","0.0","T","0.0","T","30","","","","<31",""
"-105.14","69.11","CAMBRIDGE BAY A","2400600","1988-03-07","1988","03","07","","-31.2","","-37.5","","-34.4","","52.4","","0.0","","0.0","","0.0","T","0.0","T","30","","","","<31",""
"-105.14","69.11","CAMBRIDGE BAY A","2400600","1988-03-08","1988","03","08","","-30.7","","-38.0","","-34.4","","52.4","","0.0","","0.0","","0.0","T","0.0","T","30","","","","<31",""
"-105.14","69.11","CAMBRIDGE BAY A","2400600","1988-03-09","1988","03","09","","-26.1","","-36.0","","-31.1","","49.1","","0.0","","0.0","","0.0","T","0.0","T","30","","","","<31",""
"-105.14","69.11","CAMBRIDGE BAY A","2400600","1988-03-10","1988","03","10","","-17.5","","-29.3","","-23.4","","41.4","","0.0","","0.0","","1.0","","0.0","T","28","","","","<31",""
"-105.14","69.11","CAMBRIDGE BAY A","2400600","1988-03-11","1988","03","11","","-18.2","","-24.8","","-21.5","","39.5","","0.0","","0.0","","0.4","","0.0","T","29","","","","<31",""
"-105.14","69.11","CAMBRIDGE BAY A","2400600","1988-03-12","1988","03","12","","-14.5","","-22.9","","-18.7","","36.7","","0.0","","0.0","","0.8","","0.4","","29","","16","","44","E"
"-105.14","69.11","CAMBRIDGE BAY A","2400600","1988-03-13","1988","03","13","","-15.0","","-19.5","","-17.3","","35.3","","0.0","","0.0","T","0.0","T","0.0","T","30","","","","<31",""
"-105.14","69.11","CAMBRIDGE BAY A","2400600","1988-03-14","1988","03","14","","-15.8","","-23.6","","-19.7","","37.7","","0.0","","0.0","","0.0","T","0.0","T","30","","2","","56","E"
"-105.14","69.11","CAMBRIDGE BAY A","2400600","1988-03-15","1988","03","15","","-18.9","","-23.0","","-21.0","","39.0","","0.0","","0.0","","0.0","T","0.0","T","29","","2","","56","E"
"-105.14","69.11","CAMBRIDGE BAY A","2400600","1988-03-16","1988","03","16","","-21.2","","-25.5","","-23.4","","41.4","","0.0","","0.0","","0.0","T","0.0","T","29","","1","","69","E"
"-105.14","69.11","CAMBRIDGE BAY A","2400600","1988-03-17","1988","03","17","","-22.7","","-31.9","","-27.3","","45.3","","0.0","","0.0","","0.0","T","0.0","T","29","","1","","78","E"
"-105.14","69.11","CAMBRIDGE BAY A","2400600","1988-03-18","1988","03","18","","-29.0","","-34.8","","-31.9","","49.9","","0.0","","0.0","","0.0","T","0.0","T","29","","31","","31","E"
"-105.14","69.11","CAMBRIDGE BAY A","2400600","1988-03-19","1988","03","19","","-27.1","","-34.3","","-30.7","","48.7","","0.0","","0.0","","0.0","T","0.0","T","29","","28","","33","E"
"-105.14","69.11","CAMBRIDGE BAY A","2400600","1988-03-20","1988","03","20","","-26.4","","-32.2","","-29.3","","47.3","","0.0","","0.0","","0.0","T","0.0","T","29","","","","<31",""
"-105.14","69.11","CAMBRIDGE BAY A","2400600","1988-03-21","1988","03","21","","-27.6","","-35.7","","-31.7","","49.7","","0.0","","0.0","","0.0","T","0.0","T","29","","","","<31",""
"-105.14","69.11","CAMBRIDGE BAY A","2400600","1988-03-22","1988","03","22","","-28.0","","-34.7","","-31.4","","49.4","","0.0","","0.0","","0.0","T","0.0","T","29","","","","<31",""
"-105.14","69.11","CAMBRIDGE BAY A","2400600","1988-03-23","1988","03","23","","-27.0","","-34.5","","-30.8","","48.8","","0.0","","0.0","","0.0","T","0.0","T","29","","","","<31",""
"-105.14","69.11","CAMBRIDGE BAY A","2400600","1988-03-24","1988","03","24","","-24.8","","-34.3","","-29.6","","47.6","","0.0","","0.0","","0.0","T","0.0","T","32","","","","<31",""
"-105.14","69.11","CAMBRIDGE BAY A","2400600","1988-03-25","1988","03","25","","-16.4","","-29.2","","-22.8","","40.8","","0.0","","0.0","","0.0","T","0.0","T","32","","16","","46","E"
"-105.14","69.11","CAMBRIDGE BAY A","2400600","1988-03-26","1988","03","26","","-17.3","","-26.8","","-22.1","","40.1","","0.0","","0.0","","1.2","","0.2","","32","","","","<31",""
"-105.14","69.11","CAMBRIDGE BAY A","2400600","1988-03-27","1988","03","27","","-24.5","","-32.2","","-28.4","","46.4","","0.0","","0.0","","0.2","","0.2","","33","","","","<31",""
"-105.14","69.11","CAMBRIDGE BAY A","2400600","1988-03-28","1988","03","28","","-24.6","","-33.9","","-29.3","","47.3","","0.0","","0.0","","0.0","T","0.0","T","33","","","","<31",""
"-105.14","69.11","CAMBRIDGE BAY A","2400600","1988-03-29","1988","03","29","","-22.5","","-32.9","","-27.7","","45.7","","0.0","","0.0","","0.0","T","0.0","T","33","","","","<31",""
"-105.14","69.11","CAMBRIDGE BAY A","2400600","1988-03-30","1988","03","30","","-23.3","","-31.7","","-27.5","","45.5","","0.0","","0.0","","0.0","T","0.0","T","33","","","","<31",""
"-105.14","69.11","CAMBRIDGE BAY A","2400600","1988-03-31","1988","03","31","","-24.7","","-32.6","","-28.7","","46.7","","0.0","","0.0","","0.2","","0.0","T","33","","","","<31",""
"-105.14","69.11","CAMBRIDGE BAY A","2400600","1988-04-01","1988","04","01","","-22.3","","-26.9","","-24.6","","42.6","","0.0","","0.0","","1.4","","1.4","","33","","","","<31",""
"-105.14","69.11","CAMBRIDGE BAY A","2400600","1988-04-02","1988","04","02","","-23.4","","-32.0","","-27.7","","45.7","","0.0","","0.0","","0.0","T","0.0","T","35","","","","<31",""
"-105.14","69.11","CAMBRIDGE BAY A","2400600","1988-04-03","1988","04","03","","-27.9","","-34.3","","-31.1","","49.1","","0.0","","0.0","","0.0","","0.0","","35","","","","<31",""
"-105.14","69.11","CAMBRIDGE BAY A","2400600","1988-04-04","1988","04","04","","-27.4","","-36.5","","-32.0","","50.0","","0.0","","0.0","","0.0","","0.0","","35","","","","<31",""
"-105.14","69.11","CAMBRIDGE BAY A","2400600","1988-04-05","1988","04","05","","-28.3","","-36.7","","-32.5","","50.5","","0.0","","0.0","","0.0","T","0.0","T","35","","","","<31",""
"-105.14","69.11","CAMBRIDGE BAY A","2400600","1988-04-06","1988","04","06","","-22.4","","-35.0","","-28.7","","46.7","","0.0","","0.0","","0.0","T","0.0","T","35","","13","","37","E"
"-105.14","69.11","CAMBRIDGE BAY A","2400600","1988-04-07","1988","04","07","","-18.6","","-28.5","","-23.6","","41.6","","0.0","","0.0","","0.0","T","0.0","T","35","","14","","65","E"
"-105.14","69.11","CAMBRIDGE BAY A","2400600","1988-04-08","1988","04","08","","-10.7","","-20.8","","-15.8","","33.8","","0.0","","0.0","","0.8","","0.4","","35","","16","","46","E"
"-105.14","69.11","CAMBRIDGE BAY A","2400600","1988-04-09","1988","04","09","","-13.5","","-20.8","","-17.2","","35.2","","0.0","","0.0","","0.0","T","0.0","T","33","","15","","52","E"
"-105.14","69.11","CAMBRIDGE BAY A","2400600","1988-04-10","1988","04","10","","-14.3","","-19.9","","-17.1","","35.1","","0.0","","0.0","","0.0","T","0.0","T","33","","13","","43","E"
"-105.14","69.11","CAMBRIDGE BAY A","2400600","1988-04-11","1988","04","11","","-15.0","","-22.6","","-18.8","","36.8","","0.0","","0.0","","0.0","T","0.0","T","33","","11","","37","E"
"-105.14","69.11","CAMBRIDGE BAY A","2400600","1988-04-12","1988","04","12","","-13.1","","-24.1","","-18.6","","36.6","","0.0","","0.0","","0.8","","0.2","","33","","","","<31",""
"-105.14","69.11","CAMBRIDGE BAY A","2400600","1988-04-13","1988","04","13","","-17.8","","-26.4","","-22.1","","40.1","","0.0","","0.0","","0.0","T","0.0","T","33","","","","<31",""
"-105.14","69.11","CAMBRIDGE BAY A","2400600","1988-04-14","1988","04","14","","-18.0","","-27.1","","-22.6","","40.6","","0.0","","0.0","","0.0","T","0.0","T","33","","3","","43",""
"-105.14","69.11","CAMBRIDGE BAY A","2400600","1988-04-15","1988","04","15","","-16.7","","-27.8","","-22.3","","40.3","","0.0","","0.0","","0.0","T","0.0","T","33","","","","<31",""
"-105.14","69.11","CAMBRIDGE BAY A","2400600","1988-04-16","1988","04","16","","-13.7","","-25.9","","-19.8","","37.8","","0.0","","0.0","","0.0","T","0.0","T","35","","","","<31",""
"-105.14","69.11","CAMBRIDGE BAY A","2400600","1988-04-17","1988","04","17","","-11.0","","-26.8","","-18.9","","36.9","","0.0","","0.0","","0.0","","0.0","","35","","","","<31",""
"-105.14","69.11","CAMBRIDGE BAY A","2400600","1988-04-18","1988","04","18","","-9.6","","-21.0","","-15.3","","33.3","","0.0","","0.0","","0.0","T","0.0","T","35","","","","<31",""
"-105.14","69.11","CAMBRIDGE BAY A","2400600","1988-04-19","1988","04","19","","-10.4","","-21.8","","-16.1","","34.1","","0.0","","0.0","","0.0","T","0.0","T","35","","3","","46","E"
"-105.14","69.11","CAMBRIDGE BAY A","2400600","1988-04-20","1988","04","20","","-4.2","","-10.5","","-7.4","","25.4","","0.0","","0.0","","0.0","T","0.0","T","35","","","","<31",""
"-105.14","69.11","CAMBRIDGE BAY A","2400600","1988-04-21","1988","04","21","","-2.7","","-8.5","","-5.6","","23.6","","0.0","","0.0","T","0.0","T","0.0","T","35","","","","<31",""
"-105.14","69.11","CAMBRIDGE BAY A","2400600","1988-04-22","1988","04","22","","-2.8","","-12.9","","-7.9","","25.9","","0.0","","0.0","","0.0","T","0.0","T","35","","15","","37","E"
"-105.14","69.11","CAMBRIDGE BAY A","2400600","1988-04-23","1988","04","23","","-4.4","","-12.8","","-8.6","","26.6","","0.0","","0.0","","0.0","T","0.0","T","35","","","","<31",""
"-105.14","69.11","CAMBRIDGE BAY A","2400600","1988-04-24","1988","04","24","","-4.9","","-14.5","","-9.7","","27.7","","0.0","","0.0","T","0.0","T","0.0","T","35","","","","<31",""
"-105.14","69.11","CAMBRIDGE BAY A","2400600","1988-04-25","1988","04","25","","-9.3","","-15.2","","-12.3","","30.3","","0.0","","0.0","","0.2","","0.0","T","35","","26","","31","E"
"-105.14","69.11","CAMBRIDGE BAY A","2400600","1988-04-26","1988","04","26","","-11.7","","-22.5","","-17.1","","35.1","","0.0","","0.0","","0.0","T","0.0","T","35","","","","<31",""
"-105.14","69.11","CAMBRIDGE BAY A","2400600","1988-04-27","1988","04","27","","-18.5","","-26.2","","-22.4","","40.4","","0.0","","0.0","","0.0","T","0.0","T","35","","","","<31",""
"-105.14","69.11","CAMBRIDGE BAY A","2400600","1988-04-28","1988","04","28","","-13.1","","-27.8","","-20.5","","38.5","","0.0","","0.0","","0.0","T","0.0","T","35","","30","","46","E"
"-105.14","69.11","CAMBRIDGE BAY A","2400600","1988-04-29","1988","04","29","","-10.7","","-22.0","","-16.4","","34.4","","0.0","","0.0","","0.2","","0.2","","35","","27","","43","E"
"-105.14","69.11","CAMBRIDGE BAY A","2400600","1988-04-30","1988","04","30","","-13.7","","-24.3","","-19.0","","37.0","","0.0","","0.0","","0.0","T","0.0","T","35","","32","","31","E"
"-105.14","69.11","CAMBRIDGE BAY A","2400600","1988-05-01","1988","05","01","","-12.1","","-23.0","","-17.6","","35.6","","0.0","","0.0","","0.0","T","0.0","T","35","","","","<31",""
"-105.14","69.11","CAMBRIDGE BAY A","2400600","1988-05-02","1988","05","02","","-11.9","","-23.7","","-17.8","","35.8","","0.0","","0.0","","0.2","","0.2","","30","","27","","46","E"
"-105.14","69.11","CAMBRIDGE BAY A","2400600","1988-05-03","1988","05","03","","-13.0","","-20.1","","-16.6","","34.6","","0.0","","0.0","","0.0","T","0.0","T","30","","28","","46","E"
"-105.14","69.11","CAMBRIDGE BAY A","2400600","1988-05-04","1988","05","04","","-6.9","","-18.5","","-12.7","","30.7","","0.0","","0.0","","0.0","T","0.0","T","30","","28","","61","E"
"-105.14","69.11","CAMBRIDGE BAY A","2400600","1988-05-05","1988","05","05","","-7.7","","-10.5","","-9.1","","27.1","","0.0","","0.0","","0.0","T","0.0","T","30","","31","","31","E"
"-105.14","69.11","CAMBRIDGE BAY A","2400600","1988-05-06","1988","05","06","","-7.6","","-16.9","","-12.3","","30.3","","0.0","","0.0","","0.2","","0.2","","30","","","","<31",""
"-105.14","69.11","CAMBRIDGE BAY A","2400600","1988-05-07","1988","05","07","","-9.8","","-18.3","","-14.1","","32.1","","0.0","","0.0","","0.2","","0.0","T","30","","","","<31",""
"-105.14","69.11","CAMBRIDGE BAY A","2400600","1988-05-08","1988","05","08","","-11.4","","-20.0","","-15.7","","33.7","","0.0","","0.0","","0.8","","0.2","","31","","32","","31","E"
"-105.14","69.11","CAMBRIDGE BAY A","2400600","1988-05-09","1988","05","09","","-12.3","","-20.6","","-16.5","","34.5","","0.0","","0.0","","0.0","T","0.0","T","37","","","","<31",""
"-105.14","69.11","CAMBRIDGE BAY A","2400600","1988-05-10","1988","05","10","","-12.3","","-16.6","","-14.5","","32.5","","0.0","","0.0","","0.0","T","0.0","T","37","","","","<31",""
"-105.14","69.11","CAMBRIDGE BAY A","2400600","1988-05-11","1988","05","11","","-11.9","","-15.5","","-13.7","","31.7","","0.0","","0.0","","0.6","","0.2","","37","","34","","61","E"
"-105.14","69.11","CAMBRIDGE BAY A","2400600","1988-05-12","1988","05","12","","-9.9","","-15.8","","-12.9","","30.9","","0.0","","0.0","","0.6","","0.2","","37","","35","","65","E"
"-105.14","69.11","CAMBRIDGE BAY A","2400600","1988-05-13","1988","05","13","","-9.4","","-18.2","","-13.8","","31.8","","0.0","","0.0","","0.0","T","0.0","T","37","","","","<31",""
"-105.14","69.11","CAMBRIDGE BAY A","2400600","1988-05-14","1988","05","14","","-9.4","","-17.6","","-13.5","","31.5","","0.0","","0.0","","0.0","T","0.0","T","37","","","","<31",""
"-105.14","69.11","CAMBRIDGE BAY A","2400600","1988-05-15","1988","05","15","","-7.4","","-16.9","","-12.2","","30.2","","0.0","","0.0","","0.4","","0.2","","37","","33","","57","E"
"-105.14","69.11","CAMBRIDGE BAY A","2400600","1988-05-16","1988","05","16","","-4.0","","-10.8","","-7.4","","25.4","","0.0","","0.0","T","1.4","","0.4","","37","","4","","61","E"
"-105.14","69.11","CAMBRIDGE BAY A","2400600","1988-05-17","1988","05","17","","-3.0","","-8.6","","-5.8","","23.8","","0.0","","0.0","T","0.2","","0.2","","37","","5","","35","E"
"-105.14","69.11","CAMBRIDGE BAY A","2400600","1988-05-18","1988","05","18","","-5.0","","-9.5","","-7.3","","25.3","","0.0","","0.0","","0.0","T","0.0","T","37","","","","<31",""
"-105.14","69.11","CAMBRIDGE BAY A","2400600","1988-05-19","1988","05","19","","-7.6","","-12.2","","-9.9","","27.9","","0.0","","0.0","","3.4","","2.4","","37","","","","<31",""
"-105.14","69.11","CAMBRIDGE BAY A","2400600","1988-05-20","1988","05","20","","-4.9","","-10.4","","-7.7","","25.7","","0.0","","0.0","T","0.4","","0.2","","39","","","","<31",""
"-105.14","69.11","CAMBRIDGE BAY A","2400600","1988-05-21","1988","05","21","","-4.9","","-11.3","","-8.1","","26.1","","0.0","","0.0","","0.0","","0.0","","39","","","","<31",""
"-105.14","69.11","CAMBRIDGE BAY A","2400600","1988-05-22","1988","05","22","","-2.4","","-12.9","","-7.7","","25.7","","0.0","","0.0","T","0.0","T","0.0","T","39","","","","<31",""
"-105.14","69.11","CAMBRIDGE BAY A","2400600","1988-05-23","1988","05","23","","-1.2","","-7.2","","-4.2","","22.2","","0.0","","0.0","T","0.0","T","0.0","T","39","","","","<31",""
"-105.14","69.11","CAMBRIDGE BAY A","2400600","1988-05-24","1988","05","24","","-3.9","","-6.8","","-5.4","","23.4","","0.0","","0.0","T","0.0","T","0.0","T","34","","","","<31",""
"-105.14","69.11","CAMBRIDGE BAY A","2400600","1988-05-25","1988","05","25","","-2.9","","-8.0","","-5.5","","23.5","","0.0","","0.0","T","0.0","T","0.0","T","34","","2","","43","E"
"-105.14","69.11","CAMBRIDGE BAY A","2400600","1988-05-26","1988","05","26","","-3.8","","-7.0","","-5.4","","23.4","","0.0","","0.0","T","0.0","T","0.0","T","34","","4","","33","E"
"-105.14","69.11","CAMBRIDGE BAY A","2400600","1988-05-27","1988","05","27","","-1.5","","-5.5","","-3.5","","21.5","","0.0","","0.0","T","0.0","T","0.0","T","34","","","","<31",""
"-105.14","69.11","CAMBRIDGE BAY A","2400600","1988-05-28","1988","05","28","","-0.8","","-5.4","","-3.1","","21.1","","0.0","","0.0","","0.6","","0.0","T","34","","","","<31",""
"-105.14","69.11","CAMBRIDGE BAY A","2400600","1988-05-29","1988","05","29","","-2.9","","-6.9","","-4.9","","22.9","","0.0","","0.0","","0.0","","0.0","","34","","","","<31",""
"-105.14","69.11","CAMBRIDGE BAY A","2400600","1988-05-30","1988","05","30","","-0.2","","-3.3","","-1.8","","19.8","","0.0","","0.0","","0.0","","0.0","","34","","13","","50","E"
"-105.14","69.11","CAMBRIDGE BAY A","2400600","1988-05-31","1988","05","31","","2.5","","-2.1","","0.2","","17.8","","0.0","","0.3","","2.4","","2.7","","32","","13","","65","E"
"-105.14","69.11","CAMBRIDGE BAY A","2400600","1988-06-01","1988","06","01","","1.3","","-0.2","","0.6","","17.4","","0.0","","4.4","","0.0","","4.4","","28","","6","","31","E"
"-105.14","69.11","CAMBRIDGE BAY A","2400600","1988-06-02","1988","06","02","","1.9","","0.0","","1.0","","17.0","","0.0","","0.8","","0.4","","1.2","","27","","28","","59","E"
"-105.14","69.11","CAMBRIDGE BAY A","2400600","1988-06-03","1988","06","03","","3.1","","-1.2","","1.0","","17.0","","0.0","","0.0","T","0.0","T","0.0","T","26","","","","<31",""
"-105.14","69.11","CAMBRIDGE BAY A","2400600","1988-06-04","1988","06","04","","3.7","","-1.8","","1.0","","17.0","","0.0","","0.0","T","0.0","","0.0","T","23","","","","<31",""
"-105.14","69.11","CAMBRIDGE BAY A","2400600","1988-06-05","1988","06","05","","2.6","","-0.5","","1.1","","16.9","","0.0","","0.0","","0.0","","0.0","","20","","","","<31",""
"-105.14","69.11","CAMBRIDGE BAY A","2400600","1988-06-06","1988","06","06","","4.7","","-0.9","","1.9","","16.1","","0.0","","0.0","T","0.0","","0.0","T","19","","","","<31",""
"-105.14","69.11","CAMBRIDGE BAY A","2400600","1988-06-07","1988","06","07","","10.0","","-0.6","","4.7","","13.3","","0.0","","0.0","T","0.0","","0.0","T","9","","20","","43","E"
"-105.14","69.11","CAMBRIDGE BAY A","2400600","1988-06-08","1988","06","08","","5.1","","-0.6","","2.3","","15.7","","0.0","","0.0","T","0.0","T","0.0","T","5","","4","","46","E"
"-105.14","69.11","CAMBRIDGE BAY A","2400600","1988-06-09","1988","06","09","","2.4","","-1.5","","0.5","","17.5","","0.0","","0.0","","0.0","T","0.0","T","4","","5","","33","E"
"-105.14","69.11","CAMBRIDGE BAY A","2400600","1988-06-10","1988","06","10","","-0.3","","-2.5","","-1.4","","19.4","","0.0","","0.0","","0.0","T","0.0","T","3","","6","","46","E"
"-105.14","69.11","CAMBRIDGE BAY A","2400600","1988-06-11","1988","06","11","","1.9","","-1.4","","0.3","","17.7","","0.0","","0.0","","0.0","","0.0","","3","","26","","41","E"
"-105.14","69.11","CAMBRIDGE BAY A","2400600","1988-06-12","1988","06","12","","5.4","","0.9","","3.2","","14.8","","0.0","","0.0","T","0.0","","0.0","T","2","","1","","33","E"
"-105.14","69.11","CAMBRIDGE BAY A","2400600","1988-06-13","1988","06","13","","1.5","","-0.5","","0.5","","17.5","","0.0","","0.0","T","0.0","T","0.0","T","1","","32","","46","E"
"-105.14","69.11","CAMBRIDGE BAY A","2400600","1988-06-14","1988","06","14","","3.3","","-1.8","","0.8","","17.2","","0.0","","0.2","","0.0","","0.2","","0","T","32","","50","E"
"-105.14","69.11","CAMBRIDGE BAY A","2400600","1988-06-15","1988","06","15","","7.3","","-1.3","","3.0","","15.0","","0.0","","0.0","T","1.0","","1.0","","0","T","3","","52","E"
"-105.14","69.11","CAMBRIDGE BAY A","2400600","1988-06-16","1988","06","16","","1.2","","-3.0","","-0.9","","18.9","","0.0","","0.0","T","0.0","T","0.0","T","0","T","2","","43","E"
"-105.14","69.11","CAMBRIDGE BAY A","2400600","1988-06-17","1988","06","17","","2.9","","-0.3","","1.3","","16.7","","0.0","","0.0","","0.0","T","0.0","T","0","T","","","<31",""
"-105.14","69.11","CAMBRIDGE BAY A","2400600","1988-06-18","1988","06","18","","4.8","","-0.5","","2.2","","15.8","","0.0","","0.0","T","0.4","","0.2","","0","T","","","<31",""
"-105.14","69.11","CAMBRIDGE BAY A","2400600","1988-06-19","1988","06","19","","4.4","","-0.2","","2.1","","15.9","","0.0","","0.0","T","0.0","T","0.0","T","0","T","","","<31",""
"-105.14","69.11","CAMBRIDGE BAY A","2400600","1988-06-20","1988","06","20","","6.0","","0.7","","3.4","","14.6","","0.0","","0.0","T","0.0","T","0.0","T","0","T","","","<31",""
"-105.14","69.11","CAMBRIDGE BAY A","2400600","1988-06-21","1988","06","21","","7.0","","-0.1","","3.5","","14.5","","0.0","","0.0","","0.0","","0.0","","0","T","","","<31",""
"-105.14","69.11","CAMBRIDGE BAY A","2400600","1988-06-22","1988","06","22","","11.1","","1.8","","6.5","","11.5","","0.0","","0.0","","0.0","","0.0","","0","T","13","","44","E"
"-105.14","69.11","CAMBRIDGE BAY A","2400600","1988-06-23","1988","06","23","","21.8","","3.0","","12.4","","5.6","","0.0","","0.0","","0.0","","0.0","","0","T","","","<31",""
"-105.14","69.11","CAMBRIDGE BAY A","2400600","1988-06-24","1988","06","24","","13.5","","5.2","","9.4","","8.6","","0.0","","0.0","","0.0","","0.0","","0","T","5","","37","E"
"-105.14","69.11","CAMBRIDGE BAY A","2400600","1988-06-25","1988","06","25","","13.7","","3.5","","8.6","","9.4","","0.0","","0.0","","0.0","","0.0","","0","T","","","<31",""
"-105.14","69.11","CAMBRIDGE BAY A","2400600","1988-06-26","1988","06","26","","15.0","","4.3","","9.7","","8.3","","0.0","","0.0","","0.0","","0.0","","0","T","12","","44","E"
"-105.14","69.11","CAMBRIDGE BAY A","2400600","1988-06-27","1988","06","27","","14.6","","5.8","","10.2","","7.8","","0.0","","8.6","","0.0","","8.6","","0","T","14","","41","E"
"-105.14","69.11","CAMBRIDGE BAY A","2400600","1988-06-28","1988","06","28","","14.0","","3.9","","9.0","","9.0","","0.0","","1.2","","0.0","","1.2","","0","T","","","<31",""
"-105.14","69.11","CAMBRIDGE BAY A","2400600","1988-06-29","1988","06","29","","9.7","","3.2","","6.5","","11.5","","0.0","","0.0","T","0.0","","0.0","T","0","T","4","","46","E"
"-105.14","69.11","CAMBRIDGE BAY A","2400600","1988-06-30","1988","06","30","","7.5","","2.0","","4.8","","13.2","","0.0","","0.0","T","0.0","","0.0","T","0","","4","","44","E"
"-105.14","69.11","CAMBRIDGE BAY A","2400600","1988-07-01","1988","07","01","","6.7","","0.2","","3.5","","14.5","","0.0","","0.0","T","0.0","","0.0","T","0","","5","","33","E"
"-105.14","69.11","CAMBRIDGE BAY A","2400600","1988-07-02","1988","07","02","","6.8","","1.9","","4.4","","13.6","","0.0","","0.0","T","0.0","","0.0","T","0","","","","<31",""
"-105.14","69.11","CAMBRIDGE BAY A","2400600","1988-07-03","1988","07","03","","9.8","","3.5","","6.7","","11.3","","0.0","","0.2","","0.0","","0.2","","0","","","","<31",""
"-105.14","69.11","CAMBRIDGE BAY A","2400600","1988-07-04","1988","07","04","","10.1","","3.1","","6.6","","11.4","","0.0","","0.0","T","0.0","","0.0","T","0","","","","<31",""
"-105.14","69.11","CAMBRIDGE BAY A","2400600","1988-07-05","1988","07","05","","11.0","","3.0","","7.0","","11.0","","0.0","","0.0","","0.0","","0.0","","0","","","","<31",""
"-105.14","69.11","CAMBRIDGE BAY A","2400600","1988-07-06","1988","07","06","","14.0","","2.5","","8.3","","9.7","","0.0","","0.0","","0.0","","0.0","","0","","","","<31",""
"-105.14","69.11","CAMBRIDGE BAY A","2400600","1988-07-07","1988","07","07","","14.8","","5.6","","10.2","","7.8","","0.0","","0.0","","0.0","","0.0","","0","","","","<31",""
"-105.14","69.11","CAMBRIDGE BAY A","2400600","1988-07-08","1988","07","08","","14.1","","5.2","","9.7","","8.3","","0.0","","0.0","","0.0","","0.0","","0","","","","<31",""
"-105.14","69.11","CAMBRIDGE BAY A","2400600","1988-07-09","1988","07","09","","17.6","","5.1","","11.4","","6.6","","0.0","","0.0","","0.0","","0.0","","0","","","","<31",""
"-105.14","69.11","CAMBRIDGE BAY A","2400600","1988-07-10","1988","07","10","","15.2","","6.7","","11.0","","7.0","","0.0","","0.0","","0.0","","0.0","","0","","5","","33","E"
"-105.14","69.11","CAMBRIDGE BAY A","2400600","1988-07-11","1988","07","11","","12.0","","4.3","","8.2","","9.8","","0.0","","0.0","","0.0","","0.0","","0","","","","<31",""
"-105.14","69.11","CAMBRIDGE BAY A","2400600","1988-07-12","1988","07","12","","11.6","","5.7","","8.7","","9.3","","0.0","","0.0","","0.0","","0.0","","0","","","","<31",""
"-105.14","69.11","CAMBRIDGE BAY A","2400600","1988-07-13","1988","07","13","","15.8","","4.9","","10.4","","7.6","","0.0","","0.0","","0.0","","0.0","","0","","","","<31",""
"-105.14","69.11","CAMBRIDGE BAY A","2400600","1988-07-14","1988","07","14","","18.4","","8.0","","13.2","","4.8","","0.0","","0.0","","0.0","","0.0","","0","","","","<31",""
"-105.14","69.11","CAMBRIDGE BAY A","2400600","1988-07-15","1988","07","15","","16.5","","8.6","","12.6","","5.4","","0.0","","0.0","","0.0","","0.0","","0","","","","<31",""
"-105.14","69.11","CAMBRIDGE BAY A","2400600","1988-07-16","1988","07","16","","17.0","","8.4","","12.7","","5.3","","0.0","","0.0","","0.0","","0.0","","0","","","","<31",""
"-105.14","69.11","CAMBRIDGE BAY A","2400600","1988-07-17","1988","07","17","","18.1","","7.6","","12.9","","5.1","","0.0","","0.0","","0.0","","0.0","","0","","","","<31",""
"-105.14","69.11","CAMBRIDGE BAY A","2400600","1988-07-18","1988","07","18","","13.6","","6.9","","10.3","","7.7","","0.0","","1.2","","0.0","","1.2","","0","","35","","52","E"
"-105.14","69.11","CAMBRIDGE BAY A","2400600","1988-07-19","1988","07","19","","10.7","","4.6","","7.7","","10.3","","0.0","","1.6","","0.0","","1.6","","0","","","","<31",""
"-105.14","69.11","CAMBRIDGE BAY A","2400600","1988-07-20","1988","07","20","","10.3","","4.2","","7.3","","10.7","","0.0","","0.6","","0.0","","0.6","","0","","","","<31",""
"-105.14","69.11","CAMBRIDGE BAY A","2400600","1988-07-21","1988","07","21","","11.1","","5.1","","8.1","","9.9","","0.0","","0.0","","0.0","","0.0","","0","","","","<31",""
"-105.14","69.11","CAMBRIDGE BAY A","2400600","1988-07-22","1988","07","22","","13.8","","5.3","","9.6","","8.4","","0.0","","0.0","","0.0","","0.0","","0","","10","","50","E"
"-105.14","69.11","CAMBRIDGE BAY A","2400600","1988-07-23","1988","07","23","","10.8","","7.0","","8.9","","9.1","","0.0","","27.2","","0.0","","27.2","","0","","13","","46","E"
"-105.14","69.11","CAMBRIDGE BAY A","2400600","1988-07-24","1988","07","24","","10.1","","6.2","","8.2","","9.8","","0.0","","35.8","","0.0","","35.8","","0","","32","","65","E"
"-105.14","69.11","CAMBRIDGE BAY A","2400600","1988-07-25","1988","07","25","","10.6","","5.5","","8.1","","9.9","","0.0","","6.2","","0.0","","6.2","","0","","30","","56","E"
"-105.14","69.11","CAMBRIDGE BAY A","2400600","1988-07-26","1988","07","26","","9.0","","5.6","","7.3","","10.7","","0.0","","0.0","T","0.0","","0.0","T","0","","","","<31",""
"-105.14","69.11","CAMBRIDGE BAY A","2400600","1988-07-27","1988","07","27","","12.0","","6.5","","9.3","","8.7","","0.0","","0.8","","0.0","","0.8","","0","","36","","37","E"
"-105.14","69.11","CAMBRIDGE BAY A","2400600","1988-07-28","1988","07","28","","9.9","","5.5","","7.7","","10.3","","0.0","","0.0","T","0.0","","0.0","T","0","","","","<31",""
"-105.14","69.11","CAMBRIDGE BAY A","2400600","1988-07-29","1988","07","29","","12.8","","5.2","","9.0","","9.0","","0.0","","0.0","T","0.0","","0.0","T","0","","","","<31",""
"-105.14","69.11","CAMBRIDGE BAY A","2400600","1988-07-30","1988","07","30","","12.1","","6.0","","9.1","","8.9","","0.0","","0.0","","0.0","","0.0","","0","","","","<31",""
"-105.14","69.11","CAMBRIDGE BAY A","2400600","1988-07-31","1988","07","31","","11.8","","6.1","","9.0","","9.0","","0.0","","0.0","T","0.0","","0.0","T","0","","","","<31",""
"-105.14","69.11","CAMBRIDGE BAY A","2400600","1988-08-01","1988","08","01","","10.2","","4.0","","7.1","","10.9","","0.0","","0.2","","0.0","","0.2","","0","","","","<31",""
"-105.14","69.11","CAMBRIDGE BAY A","2400600","1988-08-02","1988","08","02","","8.0","","3.1","","5.6","","12.4","","0.0","","4.2","","0.0","T","4.2","","0","","25","","56","E"
"-105.14","69.11","CAMBRIDGE BAY A","2400600","1988-08-03","1988","08","03","","8.8","","3.6","","6.2","","11.8","","0.0","","0.4","","0.0","","0.4","","0","","31","","63","E"
"-105.14","69.11","CAMBRIDGE BAY A","2400600","1988-08-04","1988","08","04","","7.9","","4.0","","6.0","","12.0","","0.0","","6.4","","0.0","","6.4","","0","","26","","37","E"
"-105.14","69.11","CAMBRIDGE BAY A","2400600","1988-08-05","1988","08","05","","8.9","","4.0","","6.5","","11.5","","0.0","","0.2","","0.0","","0.2","","0","","2","","63","E"
"-105.14","69.11","CAMBRIDGE BAY A","2400600","1988-08-06","1988","08","06","","7.5","","3.2","","5.4","","12.6","","0.0","","0.8","","0.0","","0.8","","0","","33","","33","E"
"-105.14","69.11","CAMBRIDGE BAY A","2400600","1988-08-07","1988","08","07","","8.5","","4.9","","6.7","","11.3","","0.0","","0.0","T","0.0","","0.0","T","0","","34","","37","E"
"-105.14","69.11","CAMBRIDGE BAY A","2400600","1988-08-08","1988","08","08","","10.0","","5.6","","7.8","","10.2","","0.0","","1.0","","0.0","","1.0","","0","","34","","44","E"
"-105.14","69.11","CAMBRIDGE BAY A","2400600","1988-08-09","1988","08","09","","12.5","","5.9","","9.2","","8.8","","0.0","","0.0","T","0.0","","0.0","T","0","","36","","37","E"
"-105.14","69.11","CAMBRIDGE BAY A","2400600","1988-08-10","1988","08","10","","13.6","","6.1","","9.9","","8.1","","0.0","","0.0","","0.0","","0.0","","0","","33","","31","E"
"-105.14","69.11","CAMBRIDGE BAY A","2400600","1988-08-11","1988","08","11","","10.5","","6.6","","8.6","","9.4","","0.0","","0.0","","0.0","","0.0","","0","","","","<31",""
"-105.14","69.11","CAMBRIDGE BAY A","2400600","1988-08-12","1988","08","12","","10.7","","5.3","","8.0","","10.0","","0.0","","0.0","T","0.0","","0.0","T","0","","","","<31",""
"-105.14","69.11","CAMBRIDGE BAY A","2400600","1988-08-13","1988","08","13","","12.6","","6.5","","9.6","","8.4","","0.0","","0.2","","0.0","","0.2","","0","","","","<31",""
"-105.14","69.11","CAMBRIDGE BAY A","2400600","1988-08-14","1988","08","14","","9.6","","6.6","","8.1","","9.9","","0.0","","0.0","","0.0","","0.0","","0","","29","","37","E"
"-105.14","69.11","CAMBRIDGE BAY A","2400600","1988-08-15","1988","08","15","","9.6","","6.0","","7.8","","10.2","","0.0","","0.0","","0.0","","0.0","","0","","","","<31",""
"-105.14","69.11","CAMBRIDGE BAY A","2400600","1988-08-16","1988","08","16","","11.1","","5.9","","8.5","","9.5","","0.0","","0.0","T","0.0","","0.0","T","0","","26","","33","E"
"-105.14","69.11","CAMBRIDGE BAY A","2400600","1988-08-17","1988","08","17","","9.6","","5.1","","7.4","","10.6","","0.0","","5.4","","0.0","","5.4","","0","","","","<31",""
"-105.14","69.11","CAMBRIDGE BAY A","2400600","1988-08-18","1988","08","18","","17.6","","4.2","","10.9","","7.1","","0.0","","0.0","T","0.0","","0.0","T","0","","","","<31",""
"-105.14","69.11","CAMBRIDGE BAY A","2400600","1988-08-19","1988","08","19","","18.9","","9.3","","14.1","","3.9","","0.0","","0.0","","0.0","","0.0","","0","","","","<31",""
"-105.14","69.11","CAMBRIDGE BAY A","2400600","1988-08-20","1988","08","20","","18.1","","6.5","","12.3","","5.7","","0.0","","0.0","","0.0","","0.0","","0","","","","<31",""
"-105.14","69.11","CAMBRIDGE BAY A","2400600","1988-08-21","1988","08","21","","17.6","","7.7","","12.7","","5.3","","0.0","","0.0","","0.0","","0.0","","0","","","","<31",""
"-105.14","69.11","CAMBRIDGE BAY A","2400600","1988-08-22","1988","08","22","","7.9","","3.7","","5.8","","12.2","","0.0","","3.0","","0.0","","3.0","","0","","3","","37","E"
"-105.14","69.11","CAMBRIDGE BAY A","2400600","1988-08-23","1988","08","23","","7.3","","2.8","","5.1","","12.9","","0.0","","0.0","","0.0","","0.0","","0","","3","","37","E"
"-105.14","69.11","CAMBRIDGE BAY A","2400600","1988-08-24","1988","08","24","","5.3","","0.7","","3.0","","15.0","","0.0","","0.0","","0.0","","0.0","","0","","2","","41","E"
"-105.14","69.11","CAMBRIDGE BAY A","2400600","1988-08-25","1988","08","25","","7.5","","-1.2","","3.2","","14.8","","0.0","","0.0","","0.0","","0.0","","0","","","","<31",""
"-105.14","69.11","CAMBRIDGE BAY A","2400600","1988-08-26","1988","08","26","","6.9","","3.5","","5.2","","12.8","","0.0","","0.4","","0.0","","0.4","","0","","","","<31",""
"-105.14","69.11","CAMBRIDGE BAY A","2400600","1988-08-27","1988","08","27","","12.5","","2.9","","7.7","","10.3","","0.0","","0.0","","0.0","","0.0","","0","","16","","56","E"
"-105.14","69.11","CAMBRIDGE BAY A","2400600","1988-08-28","1988","08","28","","10.4","","2.8","","6.6","","11.4","","0.0","","0.2","","0.0","","0.2","","0","","34","","44","E"
"-105.14","69.11","CAMBRIDGE BAY A","2400600","1988-08-29","1988","08","29","","3.7","","0.2","","2.0","","16.0","","0.0","","0.0","","0.0","T","0.0","T","0","","12","","41","E"
"-105.14","69.11","CAMBRIDGE BAY A","2400600","1988-08-30","1988","08","30","","8.8","","2.1","","5.5","","12.5","","0.0","","1.0","","0.0","","1.0","","0","","13","","46","E"
"-105.14","69.11","CAMBRIDGE BAY A","2400600","1988-08-31","1988","08","31","","7.6","","2.9","","5.3","","12.7","","0.0","","0.0","T","0.0","","0.0","T","0","","4","","50","E"
"-105.14","69.11","CAMBRIDGE BAY A","2400600","1988-09-01","1988","09","01","","3.7","","1.6","","2.7","","15.3","","0.0","","2.8","","0.0","","2.8","","0","","3","","48","E"
"-105.14","69.11","CAMBRIDGE BAY A","2400600","1988-09-02","1988","09","02","","5.0","","1.6","","3.3","","14.7","","0.0","","1.2","","0.0","T","1.2","","0","","32","","43","E"
"-105.14","69.11","CAMBRIDGE BAY A","2400600","1988-09-03","1988","09","03","","6.2","","3.5","","4.9","","13.1","","0.0","","0.0","T","0.0","","0.0","T","0","","30","","56","E"
"-105.14","69.11","CAMBRIDGE BAY A","2400600","1988-09-04","1988","09","04","","5.3","","2.4","","3.9","","14.1","","0.0","","0.0","T","0.0","","0.0","T","0","","29","","35","E"
"-105.14","69.11","CAMBRIDGE BAY A","2400600","1988-09-05","1988","09","05","","4.9","","0.5","","2.7","","15.3","","0.0","","2.6","","0.0","","2.6","","0","","12","","59","E"
"-105.14","69.11","CAMBRIDGE BAY A","2400600","1988-09-06","1988","09","06","","5.5","","2.7","","4.1","","13.9","","0.0","","28.2","","0.0","","28.2","","0","","12","","78","E"
"-105.14","69.11","CAMBRIDGE BAY A","2400600","1988-09-07","1988","09","07","","3.7","","1.4","","2.6","","15.4","","0.0","","1.2","","0.0","","1.2","","0","","8","","65","E"
"-105.14","69.11","CAMBRIDGE BAY A","2400600","1988-09-08","1988","09","08","","1.7","","-1.6","","0.1","","17.9","","0.0","","0.0","T","1.2","","1.2","","0","","4","","63","E"
"-105.14","69.11","CAMBRIDGE BAY A","2400600","1988-09-09","1988","09","09","","-1.2","","-2.4","","-1.8","","19.8","","0.0","","0.0","","0.0","T","0.0","T","1","","5","","41","E"
"-105.14","69.11","CAMBRIDGE BAY A","2400600","1988-09-10","1988","09","10","","-0.6","","-2.7","","-1.7","","19.7","","0.0","","0.0","","0.0","T","0.0","T","1","","","","<31",""
"-105.14","69.11","CAMBRIDGE BAY A","2400600","1988-09-11","1988","09","11","","6.0","","-0.6","","2.7","","15.3","","0.0","","0.0","","0.0","","0.0","","0","T","16","","35","E"
"-105.14","69.11","CAMBRIDGE BAY A","2400600","1988-09-12","1988","09","12","","8.5","","1.2","","4.9","","13.1","","0.0","","0.0","","0.0","","0.0","","0","","","","<31",""
"-105.14","69.11","CAMBRIDGE BAY A","2400600","1988-09-13","1988","09","13","","2.8","","0.2","","1.5","","16.5","","0.0","","0.2","","0.0","","0.2","","0","","4","","35","E"
"-105.14","69.11","CAMBRIDGE BAY A","2400600","1988-09-14","1988","09","14","","1.1","","-1.7","","-0.3","","18.3","","0.0","","0.0","T","0.0","T","0.0","T","0","","","","<31",""
"-105.14","69.11","CAMBRIDGE BAY A","2400600","1988-09-15","1988","09","15","","0.1","","-2.9","","-1.4","","19.4","","0.0","","0.0","","0.0","T","0.0","T","0","","","","<31",""
"-105.14","69.11","CAMBRIDGE BAY A","2400600","1988-09-16","1988","09","16","","0.5","","-3.0","","-1.3","","19.3","","0.0","","0.0","T","0.2","","0.2","","0","T","","","<31",""
"-105.14","69.11","CAMBRIDGE BAY A","2400600","1988-09-17","1988","09","17","","3.6","","-3.0","","0.3","","17.7","","0.0","","1.4","","0.0","T","1.4","","0","T","27","","37","E"
"-105.14","69.11","CAMBRIDGE BAY A","2400600","1988-09-18","1988","09","18","","3.0","","0.7","","1.9","","16.1","","0.0","","0.0","T","0.0","T","0.0","T","0","T","","","<31",""
"-105.14","69.11","CAMBRIDGE BAY A","2400600","1988-09-19","1988","09","19","","5.5","","1.2","","3.4","","14.6","","0.0","","0.0","T","0.0","","0.0","T","0","","","","<31",""
"-105.14","69.11","CAMBRIDGE BAY A","2400600","1988-09-20","1988","09","20","","7.6","","2.2","","4.9","","13.1","","0.0","","0.0","","0.0","","0.0","","0","","17","","46","E"
"-105.14","69.11","CAMBRIDGE BAY A","2400600","1988-09-21","1988","09","21","","8.5","","3.6","","6.1","","11.9","","0.0","","0.2","","0.0","","0.2","","0","","18","","43","E"
"-105.14","69.11","CAMBRIDGE BAY A","2400600","1988-09-22","1988","09","22","","3.9","","-2.6","","0.7","","17.3","","0.0","","0.0","T","0.0","","0.0","T","0","","","","<31",""
"-105.14","69.11","CAMBRIDGE BAY A","2400600","1988-09-23","1988","09","23","","-2.0","","-3.8","","-2.9","","20.9","","0.0","","0.0","T","0.0","T","0.0","T","0","T","","","<31",""
"-105.14","69.11","CAMBRIDGE BAY A","2400600","1988-09-24","1988","09","24","","-1.4","","-3.7","","-2.6","","20.6","","0.0","","0.0","T","0.0","T","0.0","T","0","T","","","<31",""
"-105.14","69.11","CAMBRIDGE BAY A","2400600","1988-09-25","1988","09","25","","-0.3","","-2.4","","-1.4","","19.4","","0.0","","0.0","T","1.0","","1.0","","1","","","","<31",""
"-105.14","69.11","CAMBRIDGE BAY A","2400600","1988-09-26","1988","09","26","","1.0","","-2.3","","-0.7","","18.7","","0.0","","0.0","","0.0","T","0.0","T","1","","","","<31",""
"-105.14","69.11","CAMBRIDGE BAY A","2400600","1988-09-27","1988","09","27","","3.4","","-0.3","","1.6","","16.4","","0.0","","0.0","T","0.0","T","0.0","T","1","","","","<31",""
"-105.14","69.11","CAMBRIDGE BAY A","2400600","1988-09-28","1988","09","28","","2.8","","0.5","","1.7","","16.3","","0.0","","2.4","","0.0","","2.4","","0","","17","","46","E"
"-105.14","69.11","CAMBRIDGE BAY A","2400600","1988-09-29","1988","09","29","","2.1","","0.9","","1.5","","16.5","","0.0","","0.2","","0.0","T","0.2","","0","","","","<31",""
"-105.14","69.11","CAMBRIDGE BAY A","2400600","1988-09-30","1988","09","30","","4.2","","0.5","","2.4","","15.6","","0.0","","0.0","","0.0","","0.0","","0","","","","<31",""
"-105.14","69.11","CAMBRIDGE BAY A","2400600","1988-10-01","1988","10","01","","1.8","","0.0","","0.9","","17.1","","0.0","","0.0","","0.0","","0.0","","0","","","","<31",""
"-105.14","69.11","CAMBRIDGE BAY A","2400600","1988-10-02","1988","10","02","","1.6","","-1.5","","0.1","","17.9","","0.0","","0.0","T","0.0","T","0.0","T","0","","24","","48","E"
"-105.14","69.11","CAMBRIDGE BAY A","2400600","1988-10-03","1988","10","03","","2.2","","-1.0","","0.6","","17.4","","0.0","","0.0","","0.0","","0.0","","0","","16","","33","E"
"-105.14","69.11","CAMBRIDGE BAY A","2400600","1988-10-04","1988","10","04","","1.6","","-1.1","","0.3","","17.7","","0.0","","0.0","T","0.0","","0.0","T","0","","13","","37","E"
"-105.14","69.11","CAMBRIDGE BAY A","2400600","1988-10-05","1988","10","05","","6.9","","0.2","","3.6","","14.4","","0.0","","0.0","T","0.0","","0.0","T","0","","29","","43","E"
"-105.14","69.11","CAMBRIDGE BAY A","2400600","1988-10-06","1988","10","06","","2.3","","-1.0","","0.7","","17.3","","0.0","","0.0","T","0.0","T","0.0","T","0","","14","","48","E"
"-105.14","69.11","CAMBRIDGE BAY A","2400600","1988-10-07","1988","10","07","","6.4","","1.7","","4.1","","13.9","","0.0","","0.0","T","0.0","","0.0","T","0","","16","","65","E"
"-105.14","69.11","CAMBRIDGE BAY A","2400600","1988-10-08","1988","10","08","","2.6","","-0.4","","1.1","","16.9","","0.0","","0.0","T","0.0","T","0.0","T","0","","29","","43","E"
"-105.14","69.11","CAMBRIDGE BAY A","2400600","1988-10-09","1988","10","09","","0.4","","-9.1","","-4.4","","22.4","","0.0","","0.0","","0.8","","0.6","","1","","35","","37","E"
"-105.14","69.11","CAMBRIDGE BAY A","2400600","1988-10-10","1988","10","10","","-5.9","","-9.9","","-7.9","","25.9","","0.0","","0.0","","0.0","","0.0","","1","","30","","50","E"
"-105.14","69.11","CAMBRIDGE BAY A","2400600","1988-10-11","1988","10","11","","-5.9","","-9.8","","-7.9","","25.9","","0.0","","0.0","","0.0","","0.0","","0","T","29","","37","E"
"-105.14","69.11","CAMBRIDGE BAY A","2400600","1988-10-12","1988","10","12","","-8.9","","-12.0","","-10.5","","28.5","","0.0","","0.0","","0.0","T","0.0","T","0","T","","","<31",""
"-105.14","69.11","CAMBRIDGE BAY A","2400600","1988-10-13","1988","10","13","","-4.3","","-12.0","","-8.2","","26.2","","0.0","","0.0","","0.0","","0.0","","0","T","12","","56","E"
"-105.14","69.11","CAMBRIDGE BAY A","2400600","1988-10-14","1988","10","14","","-0.5","","-4.6","","-2.6","","20.6","","0.0","","0.0","","2.0","","1.8","","0","T","14","","56","E"
"-105.14","69.11","CAMBRIDGE BAY A","2400600","1988-10-15","1988","10","15","","-0.5","","-12.1","","-6.3","","24.3","","0.0","","0.0","","0.2","","0.0","T","2","","34","","52","E"
"-105.14","69.11","CAMBRIDGE BAY A","2400600","1988-10-16","1988","10","16","","-5.0","","-12.9","","-9.0","","27.0","","0.0","","0.0","","0.0","T","0.0","T","2","","30","","31","E"
"-105.14","69.11","CAMBRIDGE BAY A","2400600","1988-10-17","1988","10","17","","-3.5","","-12.3","","-7.9","","25.9","","0.0","","0.0","","0.6","","0.4","","2","","27","","56","E"
"-105.14","69.11","CAMBRIDGE BAY A","2400600","1988-10-18","1988","10","18","","-6.1","","-16.0","","-11.1","","29.1","","0.0","","0.0","","2.0","","2.0","","4","","23","","65","E"
"-105.14","69.11","CAMBRIDGE BAY A","2400600","1988-10-19","1988","10","19","","-13.0","","-19.6","","-16.3","","34.3","","0.0","","0.0","","0.0","T","0.0","T","5","","","","<31",""
"-105.14","69.11","CAMBRIDGE BAY A","2400600","1988-10-20","1988","10","20","","-13.0","","-20.9","","-17.0","","35.0","","0.0","","0.0","","0.0","T","0.0","T","5","","","","<31",""
"-105.14","69.11","CAMBRIDGE BAY A","2400600","1988-10-21","1988","10","21","","-10.5","","-20.5","","-15.5","","33.5","","0.0","","0.0","","0.2","","0.0","T","5","","","","<31",""
"-105.14","69.11","CAMBRIDGE BAY A","2400600","1988-10-22","1988","10","22","","-9.6","","-20.8","","-15.2","","33.2","","0.0","","0.0","","0.0","T","0.0","T","5","","35","","50","E"
"-105.14","69.11","CAMBRIDGE BAY A","2400600","1988-10-23","1988","10","23","","-10.4","","-16.1","","-13.3","","31.3","","0.0","","0.0","","0.0","T","0.0","T","5","","35","","46","E"
"-105.14","69.11","CAMBRIDGE BAY A","2400600","1988-10-24","1988","10","24","","-15.5","","-19.5","","-17.5","","35.5","","0.0","","0.0","","0.0","","0.0","","5","","","","<31",""
"-105.14","69.11","CAMBRIDGE BAY A","2400600","1988-10-25","1988","10","25","","-14.0","","-19.5","","-16.8","","34.8","","0.0","","0.0","","0.0","T","0.0","T","6","","","","<31",""
"-105.14","69.11","CAMBRIDGE BAY A","2400600","1988-10-26","1988","10","26","","-13.1","","-18.9","","-16.0","","34.0","","0.0","","0.0","","0.0","T","0.0","T","6","","36","","31","E"
"-105.14","69.11","CAMBRIDGE BAY A","2400600","1988-10-27","1988","10","27","","-15.5","","-22.6","","-19.1","","37.1","","0.0","","0.0","","0.0","T","0.0","T","6","","33","","57","E"
"-105.14","69.11","CAMBRIDGE BAY A","2400600","1988-10-28","1988","10","28","","-19.7","","-22.1","","-20.9","","38.9","","0.0","","0.0","","0.0","T","0.0","T","6","","32","","43","E"
"-105.14","69.11","CAMBRIDGE BAY A","2400600","1988-10-29","1988","10","29","","-19.9","","-23.9","","-21.9","","39.9","","0.0","","0.0","","0.0","T","0.0","T","6","","","","<31",""
"-105.14","69.11","CAMBRIDGE BAY A","2400600","1988-10-30","1988","10","30","","-21.6","","-26.0","","-23.8","","41.8","","0.0","","0.0","","0.0","T","0.0","T","6","","","","<31",""
"-105.14","69.11","CAMBRIDGE BAY A","2400600","1988-10-31","1988","10","31","","-20.1","","-26.3","","-23.2","","41.2","","0.0","","0.0","","0.2","","0.0","T","6","","","","<31",""
"-105.14","69.11","CAMBRIDGE BAY A","2400600","1988-11-01","1988","11","01","","-20.0","","-26.1","","-23.1","","41.1","","0.0","","0.0","","0.4","","0.4","","6","","","","<31",""
"-105.14","69.11","CAMBRIDGE BAY A","2400600","1988-11-02","1988","11","02","","-18.9","","-25.3","","-22.1","","40.1","","0.0","","0.0","","0.2","","0.0","T","7","","","","<31",""
"-105.14","69.11","CAMBRIDGE BAY A","2400600","1988-11-03","1988","11","03","","-17.2","","-22.9","","-20.1","","38.1","","0.0","","0.0","","0.2","","0.0","T","7","","","","<31",""
"-105.14","69.11","CAMBRIDGE BAY A","2400600","1988-11-04","1988","11","04","","-17.1","","-23.4","","-20.3","","38.3","","0.0","","0.0","","0.0","T","0.0","T","7","","","","<31",""
"-105.14","69.11","CAMBRIDGE BAY A","2400600","1988-11-05","1988","11","05","","-16.3","","-22.0","","-19.2","","37.2","","0.0","","0.0","","0.0","T","0.0","T","7","","","","<31",""
"-105.14","69.11","CAMBRIDGE BAY A","2400600","1988-11-06","1988","11","06","","-16.3","","-22.0","","-19.2","","37.2","","0.0","","0.0","","0.2","","0.2","","7","","","","<31",""
"-105.14","69.11","CAMBRIDGE BAY A","2400600","1988-11-07","1988","11","07","","-16.4","","-21.8","","-19.1","","37.1","","0.0","","0.0","","0.0","T","0.0","T","7","","","","<31",""
"-105.14","69.11","CAMBRIDGE BAY A","2400600","1988-11-08","1988","11","08","","-15.6","","-25.2","","-20.4","","38.4","","0.0","","0.0","","0.8","","0.4","","7","","","","<31",""
"-105.14","69.11","CAMBRIDGE BAY A","2400600","1988-11-09","1988","11","09","","-20.5","","-28.8","","-24.7","","42.7","","0.0","","0.0","","0.0","T","0.0","T","9","","","","<31",""
"-105.14","69.11","CAMBRIDGE BAY A","2400600","1988-11-10","1988","11","10","","-20.0","","-30.6","","-25.3","","43.3","","0.0","","0.0","","0.0","T","0.0","T","9","","","","<31",""
"-105.14","69.11","CAMBRIDGE BAY A","2400600","1988-11-11","1988","11","11","","-26.7","","-31.0","","-28.9","","46.9","","0.0","","0.0","","0.0","T","0.0","T","9","","","","<31",""
"-105.14","69.11","CAMBRIDGE BAY A","2400600","1988-11-12","1988","11","12","","-28.1","","-32.6","","-30.4","","48.4","","0.0","","0.0","","0.0","T","0.0","T","9","","","","<31",""
"-105.14","69.11","CAMBRIDGE BAY A","2400600","1988-11-13","1988","11","13","","-31.1","","-34.8","","-33.0","","51.0","","0.0","","0.0","","0.0","T","0.0","T","9","","","","<31",""
"-105.14","69.11","CAMBRIDGE BAY A","2400600","1988-11-14","1988","11","14","","-33.1","","-35.4","","-34.3","","52.3","","0.0","","0.0","","0.0","T","0.0","T","9","","","","<31",""
"-105.14","69.11","CAMBRIDGE BAY A","2400600","1988-11-15","1988","11","15","","-33.9","","-36.2","","-35.1","","53.1","","0.0","","0.0","","0.0","T","0.0","T","9","","","","<31",""
"-105.14","69.11","CAMBRIDGE BAY A","2400600","1988-11-16","1988","11","16","","-34.1","","-36.8","","-35.5","","53.5","","0.0","","0.0","","0.0","T","0.0","T","10","","","","<31",""
"-105.14","69.11","CAMBRIDGE BAY A","2400600","1988-11-17","1988","11","17","","-35.4","","-37.0","","-36.2","","54.2","","0.0","","0.0","","0.0","T","0.0","T","10","","","","<31",""
"-105.14","69.11","CAMBRIDGE BAY A","2400600","1988-11-18","1988","11","18","","-34.7","","-37.4","","-36.1","","54.1","","0.0","","0.0","","0.0","T","0.0","T","10","","","","<31",""
"-105.14","69.11","CAMBRIDGE BAY A","2400600","1988-11-19","1988","11","19","","-30.2","","-37.3","","-33.8","","51.8","","0.0","","0.0","","0.0","T","0.0","T","10","","","","<31",""
"-105.14","69.11","CAMBRIDGE BAY A","2400600","1988-11-20","1988","11","20","","-28.0","","-35.7","","-31.9","","49.9","","0.0","","0.0","","0.0","T","0.0","T","10","","","","<31",""
"-105.14","69.11","CAMBRIDGE BAY A","2400600","1988-11-21","1988","11","21","","-27.9","","-37.1","","-32.5","","50.5","","0.0","","0.0","","0.0","T","0.0","T","10","","","","<31",""
"-105.14","69.11","CAMBRIDGE BAY A","2400600","1988-11-22","1988","11","22","","-13.6","","-28.1","","-20.9","","38.9","","0.0","","0.0","","0.4","","0.4","","10","","12","","67","E"
"-105.14","69.11","CAMBRIDGE BAY A","2400600","1988-11-23","1988","11","23","","-12.5","","-18.2","","-15.4","","33.4","","0.0","","0.0","","0.2","","0.0","T","11","","26","","46",""
"-105.14","69.11","CAMBRIDGE BAY A","2400600","1988-11-24","1988","11","24","","-17.6","","-27.1","","-22.4","","40.4","","0.0","","0.0","","0.0","T","0.0","T","11","","32","","37","E"
"-105.14","69.11","CAMBRIDGE BAY A","2400600","1988-11-25","1988","11","25","","-26.4","","-30.1","","-28.3","","46.3","","0.0","","0.0","","0.0","T","0.0","T","7","","36","","50","E"
"-105.14","69.11","CAMBRIDGE BAY A","2400600","1988-11-26","1988","11","26","","-27.5","","-30.6","","-29.1","","47.1","","0.0","","0.0","","0.0","T","0.0","T","7","","32","","50","E"
"-105.14","69.11","CAMBRIDGE BAY A","2400600","1988-11-27","1988","11","27","","-24.4","","-29.4","","-26.9","","44.9","","0.0","","0.0","","0.0","T","0.0","T","7","","31","","39","E"
"-105.14","69.11","CAMBRIDGE BAY A","2400600","1988-11-28","1988","11","28","","-24.5","","-30.0","","-27.3","","45.3","","0.0","","0.0","","0.0","T","0.0","T","7","","","","<31",""
"-105.14","69.11","CAMBRIDGE BAY A","2400600","1988-11-29","1988","11","29","","-24.9","","-30.0","","-27.5","","45.5","","0.0","","0.0","","0.0","T","0.0","T","7","","","","<31",""
"-105.14","69.11","CAMBRIDGE BAY A","2400600","1988-11-30","1988","11","30","","-24.8","","-30.6","","-27.7","","45.7","","0.0","","0.0","","0.0","T","0.0","T","7","","","","<31",""
"-105.14","69.11","CAMBRIDGE BAY A","2400600","1988-12-01","1988","12","01","","-27.5","","-32.8","","-30.2","","48.2","","0.0","","0.0","","0.0","T","0.0","T","7","","","","<31",""
"-105.14","69.11","CAMBRIDGE BAY A","2400600","1988-12-02","1988","12","02","","-23.1","","-31.5","","-27.3","","45.3","","0.0","","0.0","","0.6","","0.8","","6","","","","<31",""
"-105.14","69.11","CAMBRIDGE BAY A","2400600","1988-12-03","1988","12","03","","-26.0","","-31.1","","-28.6","","46.6","","0.0","","0.0","","0.0","T","0.0","T","7","","28","","31","E"
"-105.14","69.11","CAMBRIDGE BAY A","2400600","1988-12-04","1988","12","04","","-29.6","","-34.3","","-32.0","","50.0","","0.0","","0.0","","0.0","T","0.0","T","7","","","","<31",""
"-105.14","69.11","CAMBRIDGE BAY A","2400600","1988-12-05","1988","12","05","","-29.9","","-33.4","","-31.7","","49.7","","0.0","","0.0","","0.0","T","0.0","T","7","","","","<31",""
"-105.14","69.11","CAMBRIDGE BAY A","2400600","1988-12-06","1988","12","06","","-22.9","","-32.3","","-27.6","","45.6","","0.0","","0.0","","0.4","","0.2","","7","","28","","33","E"
"-105.14","69.11","CAMBRIDGE BAY A","2400600","1988-12-07","1988","12","07","","-23.3","","-32.4","","-27.9","","45.9","","0.0","","0.0","","0.2","","0.2","","7","","18","","43","E"
"-105.14","69.11","CAMBRIDGE BAY A","2400600","1988-12-08","1988","12","08","","-29.9","","-33.0","","-31.5","","49.5","","0.0","","0.0","","0.0","T","0.0","T","7","","30","","46","E"
"-105.14","69.11","CAMBRIDGE BAY A","2400600","1988-12-09","1988","12","09","","-26.3","","-31.8","","-29.1","","47.1","","0.0","","0.0","","0.0","T","0.0","T","7","","","","<31",""
"-105.14","69.11","CAMBRIDGE BAY A","2400600","1988-12-10","1988","12","10","","-18.5","","-28.0","","-23.3","","41.3","","0.0","","0.0","","0.2","","0.0","T","7","","15","","31","E"
"-105.14","69.11","CAMBRIDGE BAY A","2400600","1988-12-11","1988","12","11","","-18.4","","-29.9","","-24.2","","42.2","","0.0","","0.0","","0.0","T","0.0","T","7","","2","","48","E"
"-105.14","69.11","CAMBRIDGE BAY A","2400600","1988-12-12","1988","12","12","","-26.7","","-33.4","","-30.1","","48.1","","0.0","","0.0","","0.0","T","0.0","T","7","","2","","33","E"
"-105.14","69.11","CAMBRIDGE BAY A","2400600","1988-12-13","1988","12","13","","-30.3","","-33.5","","-31.9","","49.9","","0.0","","0.0","","0.0","T","0.0","T","7","","","","<31",""
"-105.14","69.11","CAMBRIDGE BAY A","2400600","1988-12-14","1988","12","14","","-18.3","","-30.8","","-24.6","","42.6","","0.0","","0.0","","1.6","","1.4","","7","","","","<31",""
"-105.14","69.11","CAMBRIDGE BAY A","2400600","1988-12-15","1988","12","15","","-19.3","","-30.7","","-25.0","","43.0","","0.0","","0.0","","0.0","T","0.0","T","9","","","","<31",""
"-105.14","69.11","CAMBRIDGE BAY A","2400600","1988-12-16","1988","12","16","","-28.2","","-32.4","","-30.3","","48.3","","0.0","","0.0","","0.0","T","0.0","T","11","","","","<31",""
"-105.14","69.11","CAMBRIDGE BAY A","2400600","1988-12-17","1988","12","17","","-25.4","","-30.6","","-28.0","","46.0","","0.0","","0.0","","0.0","T","0.0","T","11","","","","<31",""
"-105.14","69.11","CAMBRIDGE BAY A","2400600","1988-12-18","1988","12","18","","-28.5","","-33.5","","-31.0","","49.0","","0.0","","0.0","","0.0","T","0.0","T","11","","","","<31",""
"-105.14","69.11","CAMBRIDGE BAY A","2400600","1988-12-19","1988","12","19","","-28.6","","-32.5","","-30.6","","48.6","","0.0","","0.0","","0.0","T","0.0","T","11","","","","<31",""
"-105.14","69.11","CAMBRIDGE BAY A","2400600","1988-12-20","1988","12","20","","-30.8","","-34.1","","-32.5","","50.5","","0.0","","0.0","","0.0","T","0.0","T","11","","","","<31",""
"-105.14","69.11","CAMBRIDGE BAY A","2400600","1988-12-21","1988","12","21","","-28.9","","-32.7","","-30.8","","48.8","","0.0","","0.0","","0.0","T","0.0","T","11","","","","<31",""
"-105.14","69.11","CAMBRIDGE BAY A","2400600","1988-12-22","1988","12","22","","-30.5","","-32.4","","-31.5","","49.5","","0.0","","0.0","","0.0","T","0.0","T","11","","","","<31",""
"-105.14","69.11","CAMBRIDGE BAY A","2400600","1988-12-23","1988","12","23","","-29.5","","-33.2","","-31.4","","49.4","","0.0","","0.0","","0.0","T","0.0","T","11","","","","<31",""
"-105.14","69.11","CAMBRIDGE BAY A","2400600","1988-12-24","1988","12","24","","-23.6","","-32.7","","-28.2","","46.2","","0.0","","0.0","","0.0","T","0.0","T","9","","","","<31",""
"-105.14","69.11","CAMBRIDGE BAY A","2400600","1988-12-25","1988","12","25","","-21.9","","-31.1","","-26.5","","44.5","","0.0","","0.0","","0.8","","0.4","","9","","","","<31",""
"-105.14","69.11","CAMBRIDGE BAY A","2400600","1988-12-26","1988","12","26","","-30.9","","-37.6","","-34.3","","52.3","","0.0","","0.0","","0.0","T","0.0","T","10","","","","<31",""
"-105.14","69.11","CAMBRIDGE BAY A","2400600","1988-12-27","1988","12","27","","-29.6","","-36.6","","-33.1","","51.1","","0.0","","0.0","","0.0","T","0.0","T","10","","33","","35","E"
"-105.14","69.11","CAMBRIDGE BAY A","2400600","1988-12-28","1988","12","28","","-28.5","","-34.5","","-31.5","","49.5","","0.0","","0.0","","0.0","T","0.0","T","10","","","","<31",""
"-105.14","69.11","CAMBRIDGE BAY A","2400600","1988-12-29","1988","12","29","","-27.5","","-32.2","","-29.9","","47.9","","0.0","","0.0","","0.0","T","0.0","T","10","","31","","31","E"
"-105.14","69.11","CAMBRIDGE BAY A","2400600","1988-12-30","1988","12","30","","-26.5","","-31.4","","-29.0","","47.0","","0.0","","0.0","","0.0","T","0.0","T","10","","","","<31",""
"-105.14","69.11","CAMBRIDGE BAY A","2400600","1988-12-31","1988","12","31","","-21.7","","-27.5","","-24.6","","42.6","","0.0","","0.0","","0.0","T","0.0","T","10","","28","","33","E"
